,Date,Time,Latitude,Longitude,VehicleID
0,2013-01-12,00:00:02,53.349731,-6.25365,43073
167,2013-01-12,00:00:22,53.349667,-6.253633,43073
358,2013-01-12,00:00:43,53.349682,-6.25365,43073
502,2013-01-12,00:00:55,53.349682,-6.25365,43073
542,2013-01-12,00:01:03,53.349415,-6.252717,43073
692,2013-01-12,00:01:22,53.3493,-6.25215,43073
832,2013-01-12,00:01:42,53.348518,-6.251483,43073
979,2013-01-12,00:01:54,53.391178,-6.26219,43073
1017,2013-01-12,00:02:00,53.391178,-6.26219,43073
1176,2013-01-12,00:02:21,53.391178,-6.26219,43073
1326,2013-01-12,00:02:41,53.391178,-6.26219,43073
1466,2013-01-12,00:02:55,53.386669,-6.265006,43073
1522,2013-01-12,00:03:02,53.386669,-6.265006,43073
1686,2013-01-12,00:03:22,53.386669,-6.265006,43073
1872,2013-01-12,00:03:44,53.386669,-6.265006,43073
1966,2013-01-12,00:03:55,53.384491,-6.265131,43073
2019,2013-01-12,00:04:03,53.384491,-6.265131,43073
2158,2013-01-12,00:04:21,53.384491,-6.265131,43073
2310,2013-01-12,00:04:41,53.384491,-6.265131,43073
2460,2013-01-12,00:04:56,53.382328,-6.265573,43073
2476,2013-01-12,00:05:02,53.382328,-6.265573,43073
2618,2013-01-12,00:05:20,53.382328,-6.265573,43073
2756,2013-01-12,00:05:41,53.382328,-6.265573,43073
121934,2013-01-12,08:18:53,53.342285,-6.2338,43073
121975,2013-01-12,08:19:01,53.342285,-6.2338,43073
122253,2013-01-12,08:19:07,53.342251,-6.233767,43073
123112,2013-01-12,08:20:01,53.342251,-6.233767,43073
124304,2013-01-12,08:21:02,53.342251,-6.233767,43073
124437,2013-01-12,08:21:06,53.341984,-6.233533,43073
125128,2013-01-12,08:21:47,53.341984,-6.233533,43073
125449,2013-01-12,08:22:02,53.341984,-6.233533,43073
125526,2013-01-12,08:22:06,53.341969,-6.23355,43073
125900,2013-01-12,08:22:26,53.3419,-6.233533,43073
126302,2013-01-12,08:22:46,53.341682,-6.2321,43073
126527,2013-01-12,08:23:01,53.341682,-6.2321,43073
126787,2013-01-12,08:23:07,53.341702,-6.231817,43073
127138,2013-01-12,08:23:27,53.341702,-6.231817,43073
127445,2013-01-12,08:23:47,53.341751,-6.2283,43073
127643,2013-01-12,08:24:00,53.341751,-6.2283,43073
127885,2013-01-12,08:24:06,53.341801,-6.22775,43073
128261,2013-01-12,08:24:26,53.340134,-6.223733,43073
129012,2013-01-12,08:25:07,53.337769,-6.22235,43073
129214,2013-01-12,08:25:26,53.336166,-6.222017,43073
130070,2013-01-12,08:26:08,53.334518,-6.218283,43073
130357,2013-01-12,08:26:27,53.333485,-6.2168,43073
130718,2013-01-12,08:26:47,53.332401,-6.215433,43073
131172,2013-01-12,08:27:07,53.331135,-6.2158,43073
131458,2013-01-12,08:27:26,53.329567,-6.215066,43073
131831,2013-01-12,08:27:46,53.328583,-6.214334,43073
132300,2013-01-12,08:28:06,53.327682,-6.21465,43073
132646,2013-01-12,08:28:27,53.326317,-6.214183,43073
132964,2013-01-12,08:28:47,53.325165,-6.212817,43073
133437,2013-01-12,08:29:07,53.324482,-6.211717,43073
133790,2013-01-12,08:29:27,53.324116,-6.2117,43073
134106,2013-01-12,08:29:46,53.324268,-6.212266,43073
134906,2013-01-12,08:30:27,53.324451,-6.211867,43073
135675,2013-01-12,08:31:07,53.324883,-6.208421,43073
136022,2013-01-12,08:31:26,53.325306,-6.207182,43073
136465,2013-01-12,08:31:48,53.32732,-6.208459,43073
136869,2013-01-12,08:32:08,53.328621,-6.208836,43073
137174,2013-01-12,08:32:27,53.329144,-6.208917,43073
137523,2013-01-12,08:32:47,53.330933,-6.209549,43073
137969,2013-01-12,08:33:07,53.332512,-6.210687,43073
138292,2013-01-12,08:33:26,53.332062,-6.211856,43073
138660,2013-01-12,08:33:46,53.331741,-6.213531,43073
139097,2013-01-12,08:34:06,53.33218,-6.215094,43073
139447,2013-01-12,08:34:27,53.332584,-6.21574,43073
139789,2013-01-12,08:34:45,53.332706,-6.215897,43073
140193,2013-01-12,08:35:06,53.333733,-6.217276,43073
140602,2013-01-12,08:35:26,53.334759,-6.21876,43073
140941,2013-01-12,08:35:46,53.335739,-6.220402,43073
141379,2013-01-12,08:36:05,53.336311,-6.222168,43073
141721,2013-01-12,08:36:26,53.337776,-6.222498,43073
142070,2013-01-12,08:36:46,53.338631,-6.223027,43073
142552,2013-01-12,08:37:07,53.338631,-6.223027,43073
142821,2013-01-12,08:37:25,53.339901,-6.223583,43073
143175,2013-01-12,08:37:46,53.340126,-6.223919,43073
143773,2013-01-12,08:38:08,53.340473,-6.22458,43073
144028,2013-01-12,08:38:26,53.341652,-6.226352,43073
144429,2013-01-12,08:38:47,53.341698,-6.228466,43073
144832,2013-01-12,08:39:07,53.341522,-6.230796,43073
145174,2013-01-12,08:39:26,53.341522,-6.230796,43073
145566,2013-01-12,08:39:46,53.341999,-6.235161,43073
146016,2013-01-12,08:40:07,53.341999,-6.235161,43073
146350,2013-01-12,08:40:27,53.342236,-6.236828,43073
146727,2013-01-12,08:40:47,53.342388,-6.238336,43073
147151,2013-01-12,08:41:08,53.342514,-6.239375,43073
147474,2013-01-12,08:41:26,53.342594,-6.239981,43073
147829,2013-01-12,08:41:46,53.342815,-6.241734,43073
148280,2013-01-12,08:42:07,53.342873,-6.242254,43073
148570,2013-01-12,08:42:25,53.343235,-6.244887,43073
148891,2013-01-12,08:42:46,53.343788,-6.24759,43073
149372,2013-01-12,08:43:06,53.343922,-6.248244,43073
149719,2013-01-12,08:43:27,53.344036,-6.248826,43073
150147,2013-01-12,08:43:49,53.344501,-6.251164,43073
150478,2013-01-12,08:44:05,53.344841,-6.252754,43073
150863,2013-01-12,08:44:26,53.344841,-6.252754,43073
151286,2013-01-12,08:44:49,53.345177,-6.254496,43073
151794,2013-01-12,08:45:13,53.345551,-6.256465,43073
152016,2013-01-12,08:45:27,53.345589,-6.256666,43073
152316,2013-01-12,08:45:46,53.345634,-6.257306,43073
152800,2013-01-12,08:46:08,53.345348,-6.258593,43073
153101,2013-01-12,08:46:27,53.345341,-6.258862,43073
153513,2013-01-12,08:46:47,53.34584,-6.259269,43073
153911,2013-01-12,08:47:07,53.34621,-6.259111,43073
154221,2013-01-12,08:47:26,53.346531,-6.259086,43073
154628,2013-01-12,08:47:48,53.346531,-6.259086,43073
155057,2013-01-12,08:48:07,53.347221,-6.259187,43073
155450,2013-01-12,08:48:27,53.348877,-6.259977,43073
155755,2013-01-12,08:48:47,53.349857,-6.260431,43073
156134,2013-01-12,08:49:06,53.349857,-6.260431,43073
156561,2013-01-12,08:49:28,53.350838,-6.260898,43073
156930,2013-01-12,08:49:48,53.351345,-6.261118,43073
157362,2013-01-12,08:50:09,53.351345,-6.261118,43073
157689,2013-01-12,08:50:27,53.351345,-6.261118,43073
157977,2013-01-12,08:50:45,53.351391,-6.261137,43073
158456,2013-01-12,08:51:10,53.35247,-6.261691,43073
158897,2013-01-12,08:51:28,53.351894,-6.262966,43073
159159,2013-01-12,08:51:47,53.353001,-6.264746,43073
159593,2013-01-12,08:52:08,53.354084,-6.266556,43073
159897,2013-01-12,08:52:26,53.354103,-6.266606,43073
160241,2013-01-12,08:52:49,53.354504,-6.266629,43073
160716,2013-01-12,08:53:07,53.355953,-6.265332,43073
161046,2013-01-12,08:53:27,53.356743,-6.264577,43073
161351,2013-01-12,08:53:46,53.356834,-6.264486,43073
161845,2013-01-12,08:54:08,53.357075,-6.264244,43073
162158,2013-01-12,08:54:26,53.357658,-6.263627,43073
162575,2013-01-12,08:54:47,53.359211,-6.261786,43073
162814,2013-01-12,08:55:07,53.3596,-6.261416,43073
163297,2013-01-12,08:55:26,53.3596,-6.261416,43073
163654,2013-01-12,08:55:46,53.360165,-6.260883,43073
164098,2013-01-12,08:56:09,53.36171,-6.259478,43073
164433,2013-01-12,08:56:27,53.362984,-6.258309,43073
164821,2013-01-12,08:56:48,53.363319,-6.257989,43073
165192,2013-01-12,08:57:08,53.36496,-6.256596,43073
165563,2013-01-12,08:57:26,53.366455,-6.25565,43073
165944,2013-01-12,08:57:49,53.367138,-6.255483,43073
166338,2013-01-12,08:58:07,53.367855,-6.255366,43073
166701,2013-01-12,08:58:27,53.36953,-6.254506,43073
166898,2013-01-12,08:58:48,53.371235,-6.253441,43073
167374,2013-01-12,08:59:06,53.373043,-6.252268,43073
167801,2013-01-12,08:59:27,53.374779,-6.251202,43073
168180,2013-01-12,08:59:47,53.375202,-6.250879,43073
168620,2013-01-12,09:00:08,53.375202,-6.250879,43073
168856,2013-01-12,09:00:26,53.375462,-6.250656,43073
169290,2013-01-12,09:00:48,53.376801,-6.249166,43073
169663,2013-01-12,09:01:08,53.378471,-6.247515,43073
169963,2013-01-12,09:01:26,53.380222,-6.246023,43073
170331,2013-01-12,09:01:46,53.381317,-6.245199,43073
170736,2013-01-12,09:02:13,53.381584,-6.245024,43073
171228,2013-01-12,09:02:31,53.382095,-6.244699,43073
171340,2013-01-12,09:02:48,53.382183,-6.244648,43073
171826,2013-01-12,09:03:06,53.383503,-6.243892,43073
172198,2013-01-12,09:03:27,53.385372,-6.243098,43073
172586,2013-01-12,09:03:47,53.387276,-6.243765,43073
172992,2013-01-12,09:04:07,53.387413,-6.243964,43073
173309,2013-01-12,09:04:26,53.387997,-6.244926,43073
173679,2013-01-12,09:04:46,53.389389,-6.246118,43073
174191,2013-01-12,09:05:09,53.389759,-6.246603,43073
174503,2013-01-12,09:05:27,53.389698,-6.247648,43073
174828,2013-01-12,09:05:47,53.38969,-6.249195,43073
175259,2013-01-12,09:06:08,53.390133,-6.249266,43073
175593,2013-01-12,09:06:28,53.391068,-6.250635,43073
175899,2013-01-12,09:06:46,53.391079,-6.253168,43073
176224,2013-01-12,09:07:07,53.390812,-6.254257,43073
176654,2013-01-12,09:07:25,53.390549,-6.256193,43073
177043,2013-01-12,09:07:46,53.390839,-6.258557,43073
177446,2013-01-12,09:08:08,53.391094,-6.260693,43073
177869,2013-01-12,09:08:28,53.391144,-6.261621,43073
178208,2013-01-12,09:08:47,53.391144,-6.261621,43073
178590,2013-01-12,09:09:07,53.391144,-6.261621,43073
179023,2013-01-12,09:09:27,53.391144,-6.261621,43073
179268,2013-01-12,09:09:45,53.391144,-6.261621,43073
179678,2013-01-12,09:10:06,53.391144,-6.261621,43073
180102,2013-01-12,09:10:26,53.391144,-6.261621,43073
180436,2013-01-12,09:10:46,53.391144,-6.261621,43073
180831,2013-01-12,09:11:07,53.391144,-6.261621,43073
181197,2013-01-12,09:11:25,53.391144,-6.261621,43073
181545,2013-01-12,09:11:46,53.391144,-6.261621,43073
181914,2013-01-12,09:12:06,53.391144,-6.261621,43073
182354,2013-01-12,09:12:27,53.391144,-6.261621,43073
182725,2013-01-12,09:12:47,53.391144,-6.261621,43073
183019,2013-01-12,09:13:10,53.391144,-6.261621,43073
183388,2013-01-12,09:13:26,53.391144,-6.261621,43073
184122,2013-01-12,09:14:07,53.391144,-6.261621,43073
184315,2013-01-12,09:14:11,53.391201,-6.262084,43073
184971,2013-01-12,09:14:48,53.391201,-6.2621,43073
185254,2013-01-12,09:15:06,53.391167,-6.262116,43073
185285,2013-01-12,09:15:08,53.391167,-6.262116,43073
185597,2013-01-12,09:15:26,53.391182,-6.2621,43073
185948,2013-01-12,09:15:45,53.391201,-6.262067,43073
186283,2013-01-12,09:16:05,53.391216,-6.262067,43073
186548,2013-01-12,09:16:11,53.391216,-6.262067,43073
186772,2013-01-12,09:16:28,53.391216,-6.262067,43073
187073,2013-01-12,09:16:46,53.391232,-6.262033,43073
187451,2013-01-12,09:17:07,53.391216,-6.262067,43073
187585,2013-01-12,09:17:11,53.391216,-6.262067,43073
187886,2013-01-12,09:17:27,53.391216,-6.262067,43073
188169,2013-01-12,09:17:45,53.391201,-6.262084,43073
188545,2013-01-12,09:18:06,53.391216,-6.262067,43073
188749,2013-01-12,09:18:12,53.391216,-6.262067,43073
189032,2013-01-12,09:18:28,53.391201,-6.26205,43073
189338,2013-01-12,09:18:46,53.391182,-6.262067,43073
189622,2013-01-12,09:19:05,53.391167,-6.262067,43073
189773,2013-01-12,09:19:09,53.391167,-6.262067,43073
190043,2013-01-12,09:19:25,53.391167,-6.262067,43073
190458,2013-01-12,09:19:45,53.391167,-6.262067,43073
190806,2013-01-12,09:20:06,53.391167,-6.262067,43073
190973,2013-01-12,09:20:10,53.391167,-6.262067,43073
191327,2013-01-12,09:20:28,53.391182,-6.262067,43073
191633,2013-01-12,09:20:47,53.391201,-6.262067,43073
191885,2013-01-12,09:21:05,53.391201,-6.262084,43073
192109,2013-01-12,09:21:09,53.391201,-6.262084,43073
192473,2013-01-12,09:21:27,53.391201,-6.262084,43073
192784,2013-01-12,09:21:46,53.391201,-6.262067,43073
193131,2013-01-12,09:22:06,53.391201,-6.262067,43073
193265,2013-01-12,09:22:10,53.391201,-6.262067,43073
193562,2013-01-12,09:22:33,53.391201,-6.262067,43073
193913,2013-01-12,09:22:45,53.391182,-6.2621,43073
194266,2013-01-12,09:23:05,53.391201,-6.262084,43073
194409,2013-01-12,09:23:10,53.391201,-6.262084,43073
194752,2013-01-12,09:23:26,53.391201,-6.262067,43073
195114,2013-01-12,09:23:46,53.391201,-6.262084,43073
195401,2013-01-12,09:24:05,53.391216,-6.262067,43073
195663,2013-01-12,09:24:11,53.391216,-6.262067,43073
195924,2013-01-12,09:24:27,53.391216,-6.262067,43073
196223,2013-01-12,09:24:47,53.391216,-6.262067,43073
196699,2013-01-12,09:25:10,53.391216,-6.262067,43073
197401,2013-01-12,09:25:48,53.391216,-6.262067,43073
197749,2013-01-12,09:26:07,53.391216,-6.262067,43073
198206,2013-01-12,09:26:27,53.391216,-6.262067,43073
198479,2013-01-12,09:26:46,53.391216,-6.262067,43073
198858,2013-01-12,09:27:06,53.391216,-6.262067,43073
199337,2013-01-12,09:27:29,53.391216,-6.262067,43073
199581,2013-01-12,09:27:45,53.391216,-6.262067,43073
199970,2013-01-12,09:28:09,53.391216,-6.262067,43073
200447,2013-01-12,09:28:28,53.391216,-6.262067,43073
200743,2013-01-12,09:28:46,53.391216,-6.262067,43073
201112,2013-01-12,09:29:08,53.391216,-6.262067,43073
201406,2013-01-12,09:29:25,53.391216,-6.262067,43073
201863,2013-01-12,09:29:47,53.391216,-6.262067,43073
202146,2013-01-12,09:30:05,53.391216,-6.262067,43073
202604,2013-01-12,09:30:26,53.391186,-6.262341,43073
203014,2013-01-12,09:30:48,53.391869,-6.261726,43073
203289,2013-01-12,09:31:07,53.391788,-6.259505,43073
203706,2013-01-12,09:31:27,53.391537,-6.257452,43073
204001,2013-01-12,09:31:45,53.391109,-6.254732,43073
204369,2013-01-12,09:32:06,53.391083,-6.252076,43073
204789,2013-01-12,09:32:26,53.391087,-6.251322,43073
205236,2013-01-12,09:32:49,53.39109,-6.25091,43073
205553,2013-01-12,09:33:09,53.390148,-6.249268,43073
205989,2013-01-12,09:33:27,53.389645,-6.248488,43073
206355,2013-01-12,09:33:46,53.389736,-6.246253,43073
206707,2013-01-12,09:34:06,53.389191,-6.246041,43073
207104,2013-01-12,09:34:25,53.388737,-6.245831,43073
207459,2013-01-12,09:34:45,53.387882,-6.244749,43073
207850,2013-01-12,09:35:08,53.387543,-6.243224,43073
208278,2013-01-12,09:35:30,53.387154,-6.242187,43073
208581,2013-01-12,09:35:46,53.385151,-6.243165,43073
208966,2013-01-12,09:36:07,53.383289,-6.24401,43073
209388,2013-01-12,09:36:27,53.382877,-6.244241,43073
209663,2013-01-12,09:36:45,53.382877,-6.244241,43073
210052,2013-01-12,09:37:06,53.382877,-6.244241,43073
210532,2013-01-12,09:37:28,53.381893,-6.244828,43073
210839,2013-01-12,09:37:46,53.380341,-6.24592,43073
211243,2013-01-12,09:38:07,53.37875,-6.247152,43073
211579,2013-01-12,09:38:25,53.37793,-6.247891,43073
211892,2013-01-12,09:38:46,53.377861,-6.247956,43073
212361,2013-01-12,09:39:08,53.37759,-6.2482,43073
212710,2013-01-12,09:39:24,53.376709,-6.249293,43073
213088,2013-01-12,09:39:47,53.37664,-6.249388,43073
213423,2013-01-12,09:40:07,53.37664,-6.249388,43073
213836,2013-01-12,09:40:26,53.376549,-6.249507,43073
214134,2013-01-12,09:40:46,53.375423,-6.250691,43073
214555,2013-01-12,09:41:07,53.37516,-6.250914,43073
214933,2013-01-12,09:41:25,53.37516,-6.250914,43073
215624,2013-01-12,09:42:08,53.373672,-6.251894,43073
216070,2013-01-12,09:42:28,53.372452,-6.252639,43073
216754,2013-01-12,09:43:09,53.369949,-6.254246,43073
217155,2013-01-12,09:43:27,53.369038,-6.254814,43073
217497,2013-01-12,09:43:48,53.367516,-6.255453,43073
217812,2013-01-12,09:44:08,53.365814,-6.255988,43073
218236,2013-01-12,09:44:26,53.364243,-6.257155,43073
218606,2013-01-12,09:44:49,53.363998,-6.257374,43073
218947,2013-01-12,09:45:07,53.363297,-6.258008,43073
219380,2013-01-12,09:45:28,53.362064,-6.259156,43073
219679,2013-01-12,09:45:46,53.36203,-6.259185,43073
220035,2013-01-12,09:46:06,53.361408,-6.25972,43073
220550,2013-01-12,09:46:29,53.360493,-6.260571,43073
220844,2013-01-12,09:46:47,53.360184,-6.260866,43073
221107,2013-01-12,09:47:05,53.360168,-6.260881,43073
221570,2013-01-12,09:47:26,53.359646,-6.261375,43073
221961,2013-01-12,09:47:48,53.358669,-6.262354,43073
222272,2013-01-12,09:48:07,53.358124,-6.263044,43073
222742,2013-01-12,09:48:28,53.357174,-6.264145,43073
223094,2013-01-12,09:48:48,53.356026,-6.265272,43073
223478,2013-01-12,09:49:08,53.356026,-6.265272,43073
223836,2013-01-12,09:49:29,53.353554,-6.267642,43073
224179,2013-01-12,09:49:50,53.352627,-6.264178,43073
224423,2013-01-12,09:50:08,53.353279,-6.262082,43073
224868,2013-01-12,09:50:26,53.353279,-6.262082,43073
225084,2013-01-12,09:50:45,53.352482,-6.261234,43073
225648,2013-01-12,09:51:10,53.351429,-6.260779,43073
225994,2013-01-12,09:51:26,53.350773,-6.260493,43073
226320,2013-01-12,09:51:48,53.349854,-6.260078,43073
226695,2013-01-12,09:52:07,53.348888,-6.259649,43073
227124,2013-01-12,09:52:27,53.348591,-6.259525,43073
227467,2013-01-12,09:52:48,53.348591,-6.259525,43073
227853,2013-01-12,09:53:08,53.347359,-6.258976,43073
228307,2013-01-12,09:53:31,53.347206,-6.25888,43073
228583,2013-01-12,09:53:47,53.347206,-6.25888,43073
228953,2013-01-12,09:54:07,53.346699,-6.258473,43073
229256,2013-01-12,09:54:30,53.345928,-6.257406,43073
229780,2013-01-12,09:54:48,53.345905,-6.25614,43073
230054,2013-01-12,09:55:08,53.345963,-6.255975,43073
230376,2013-01-12,09:55:27,53.34594,-6.25551,43073
230810,2013-01-12,09:55:47,53.34597,-6.25614,43073
231148,2013-01-12,09:56:07,53.34597,-6.25614,43073
231564,2013-01-12,09:56:28,53.34589,-6.254566,43073
231920,2013-01-12,09:56:46,53.345825,-6.253262,43073
232264,2013-01-12,09:57:10,53.34576,-6.251973,43073
232651,2013-01-12,09:57:28,53.345692,-6.250639,43073
233145,2013-01-12,09:57:50,53.345547,-6.249517,43073
233392,2013-01-12,09:58:08,53.345455,-6.248652,43073
233727,2013-01-12,09:58:27,53.344913,-6.247309,43073
234128,2013-01-12,09:58:47,53.343483,-6.246071,43073
234511,2013-01-12,09:59:07,53.343327,-6.245327,43073
234850,2013-01-12,09:59:28,53.343124,-6.244183,43073
235228,2013-01-12,09:59:46,53.342808,-6.24168,43073
235685,2013-01-12,10:00:11,53.342896,-6.242437,43073
235946,2013-01-12,10:00:27,53.342766,-6.241323,43073
236426,2013-01-12,10:00:49,53.342468,-6.23903,43073
236680,2013-01-12,10:01:06,53.342346,-6.237864,43073
237043,2013-01-12,10:01:26,53.342167,-6.236396,43073
237529,2013-01-12,10:01:48,53.342113,-6.236074,43073
237903,2013-01-12,10:02:09,53.34177,-6.233449,43073
238157,2013-01-12,10:02:27,53.34177,-6.233449,43073
238618,2013-01-12,10:02:48,53.341576,-6.230071,43073
239021,2013-01-12,10:03:08,53.341576,-6.230071,43073
239274,2013-01-12,10:03:26,53.34182,-6.226732,43073
239708,2013-01-12,10:03:49,53.341114,-6.225668,43073
240060,2013-01-12,10:04:07,53.339611,-6.223367,43073
240452,2013-01-12,10:04:28,53.338165,-6.222662,43073
240864,2013-01-12,10:04:46,53.338001,-6.222573,43073
241220,2013-01-12,10:05:07,53.337994,-6.222569,43073
241538,2013-01-12,10:05:27,53.33667,-6.222255,43073
241908,2013-01-12,10:05:47,53.335949,-6.221375,43073
242347,2013-01-12,10:06:06,53.335415,-6.219719,43073
242743,2013-01-12,10:06:28,53.334217,-6.217965,43073
243069,2013-01-12,10:06:49,53.333195,-6.216528,43073
243466,2013-01-12,10:07:07,53.33292,-6.216169,43073
243831,2013-01-12,10:07:28,53.332413,-6.215576,43073
244259,2013-01-12,10:07:48,53.333153,-6.214671,43073
244560,2013-01-12,10:08:06,53.333813,-6.21432,43073
245015,2013-01-12,10:08:29,53.333534,-6.214292,43073
245455,2013-01-12,10:08:47,53.333534,-6.214292,43073
245830,2013-01-12,10:09:08,53.333534,-6.214292,43073
246126,2013-01-12,10:09:26,53.333408,-6.213871,43073
246587,2013-01-12,10:09:47,53.333374,-6.211577,43073
246985,2013-01-12,10:10:09,53.332375,-6.210612,43073
247244,2013-01-12,10:10:25,53.330013,-6.209012,43073
247746,2013-01-12,10:10:48,53.327938,-6.208702,43073
248096,2013-01-12,10:11:08,53.32589,-6.207564,43073
248491,2013-01-12,10:11:27,53.325062,-6.207516,43073
248902,2013-01-12,10:11:47,53.324844,-6.208624,43073
249208,2013-01-12,10:12:05,53.324844,-6.208624,43073
249983,2013-01-12,10:12:46,53.324844,-6.208624,43073
250708,2013-01-12,10:13:27,53.324844,-6.208624,43073
250945,2013-01-12,10:13:35,53.324249,-6.212266,43073
251151,2013-01-12,10:13:47,53.324268,-6.212283,43073
251463,2013-01-12,10:14:06,53.324284,-6.2123,43073
251793,2013-01-12,10:14:26,53.324284,-6.212283,43073
252112,2013-01-12,10:14:34,53.324284,-6.212283,43073
252299,2013-01-12,10:14:49,53.324284,-6.2123,43073
252627,2013-01-12,10:15:07,53.324284,-6.2123,43073
253019,2013-01-12,10:15:27,53.324268,-6.212283,43073
253232,2013-01-12,10:15:36,53.324268,-6.212283,43073
253415,2013-01-12,10:15:46,53.324268,-6.212266,43073
253723,2013-01-12,10:16:06,53.324268,-6.212266,43073
254143,2013-01-12,10:16:26,53.324268,-6.212266,43073
254307,2013-01-12,10:16:37,53.324268,-6.212266,43073
254570,2013-01-12,10:16:47,53.324249,-6.212266,43073
254973,2013-01-12,10:17:09,53.324268,-6.21225,43073
255246,2013-01-12,10:17:25,53.324268,-6.21225,43073
255521,2013-01-12,10:17:36,53.324268,-6.21225,43073
255672,2013-01-12,10:17:46,53.324284,-6.212283,43073
256061,2013-01-12,10:18:06,53.324299,-6.212283,43073
256621,2013-01-12,10:18:37,53.324299,-6.212283,43073
256900,2013-01-12,10:18:47,53.324268,-6.212283,43073
257283,2013-01-12,10:19:07,53.324268,-6.212266,43073
257621,2013-01-12,10:19:28,53.324268,-6.212266,43073
257859,2013-01-12,10:19:36,53.324268,-6.212266,43073
258041,2013-01-12,10:19:46,53.324268,-6.212266,43073
258422,2013-01-12,10:20:08,53.324249,-6.212266,43073
258800,2013-01-12,10:20:27,53.324268,-6.212266,43073
259003,2013-01-12,10:20:39,53.324268,-6.212266,43073
259187,2013-01-12,10:20:47,53.324268,-6.212283,43073
259552,2013-01-12,10:21:06,53.324268,-6.212266,43073
259978,2013-01-12,10:21:28,53.324249,-6.212283,43073
260267,2013-01-12,10:21:42,53.324249,-6.212283,43073
260329,2013-01-12,10:21:46,53.324268,-6.212283,43073
260752,2013-01-12,10:22:07,53.324268,-6.212266,43073
261071,2013-01-12,10:22:27,53.324249,-6.21225,43073
261433,2013-01-12,10:22:43,53.324249,-6.21225,43073
261503,2013-01-12,10:22:48,53.324268,-6.212234,43073
261821,2013-01-12,10:23:06,53.324268,-6.21225,43073
262262,2013-01-12,10:23:26,53.324249,-6.21225,43073
262403,2013-01-12,10:23:45,53.324249,-6.21225,43073
262641,2013-01-12,10:23:47,53.324268,-6.212266,43073
262981,2013-01-12,10:24:08,53.324284,-6.2123,43073
263318,2013-01-12,10:24:26,53.324268,-6.212283,43073
263673,2013-01-12,10:24:45,53.324268,-6.212283,43073
263750,2013-01-12,10:24:47,53.324268,-6.212283,43073
264132,2013-01-12,10:25:09,53.324268,-6.212283,43073
264491,2013-01-12,10:25:28,53.324268,-6.212283,43073
264845,2013-01-12,10:25:46,53.324268,-6.212283,43073
265223,2013-01-12,10:26:06,53.324268,-6.212283,43073
265599,2013-01-12,10:26:27,53.324268,-6.212283,43073
265993,2013-01-12,10:26:47,53.324268,-6.212283,43073
266385,2013-01-12,10:27:07,53.324268,-6.212283,43073
266705,2013-01-12,10:27:26,53.324268,-6.212283,43073
267117,2013-01-12,10:27:46,53.324268,-6.212283,43073
267585,2013-01-12,10:28:09,53.324268,-6.212283,43073
267879,2013-01-12,10:28:31,53.324268,-6.212283,43073
268318,2013-01-12,10:28:48,53.324268,-6.212283,43073
268629,2013-01-12,10:29:06,53.324268,-6.212283,43073
268965,2013-01-12,10:29:28,53.324268,-6.212283,43073
269495,2013-01-12,10:29:51,53.324268,-6.212283,43073
269763,2013-01-12,10:30:07,53.324268,-6.212283,43073
270578,2013-01-12,10:30:50,53.324356,-6.212106,43073
271241,2013-01-12,10:31:26,53.324867,-6.208507,43073
271650,2013-01-12,10:31:47,53.325043,-6.207619,43073
271997,2013-01-12,10:32:07,53.324284,-6.212326,43073
272344,2013-01-12,10:32:25,53.32629,-6.207856,43073
272810,2013-01-12,10:32:48,53.328102,-6.208757,43073
273150,2013-01-12,10:33:08,53.328621,-6.208836,43073
273511,2013-01-12,10:33:26,53.328999,-6.208895,43073
273929,2013-01-12,10:33:47,53.330685,-6.209364,43073
274300,2013-01-12,10:34:07,53.331966,-6.210375,43073
274596,2013-01-12,10:34:26,53.332394,-6.211245,43073
275035,2013-01-12,10:34:46,53.331638,-6.212632,43073
275480,2013-01-12,10:35:09,53.331894,-6.214257,43073
275814,2013-01-12,10:35:29,53.332134,-6.214963,43073
276206,2013-01-12,10:35:47,53.332298,-6.215444,43073
276577,2013-01-12,10:36:08,53.332264,-6.215334,43073
276932,2013-01-12,10:36:26,53.333569,-6.21704,43073
277351,2013-01-12,10:36:47,53.334503,-6.218388,43073
277709,2013-01-12,10:37:07,53.3353,-6.219552,43073
278073,2013-01-12,10:37:25,53.335369,-6.219652,43073
278509,2013-01-12,10:37:48,53.335953,-6.221408,43073
278701,2013-01-12,10:38:06,53.33688,-6.222294,43073
279238,2013-01-12,10:38:29,53.337658,-6.222468,43073
279646,2013-01-12,10:38:47,53.337658,-6.222468,43073
280141,2013-01-12,10:39:11,53.337658,-6.222468,43073
280345,2013-01-12,10:39:26,53.338257,-6.222735,43073
280843,2013-01-12,10:39:48,53.338631,-6.223027,43073
281188,2013-01-12,10:40:06,53.339748,-6.22346,43073
281577,2013-01-12,10:40:27,53.340126,-6.223919,43073
281980,2013-01-12,10:40:47,53.340931,-6.225365,43073
282375,2013-01-12,10:41:07,53.341831,-6.227127,43073
282703,2013-01-12,10:41:27,53.341789,-6.227433,43073
283165,2013-01-12,10:41:51,53.341789,-6.227433,43073
283347,2013-01-12,10:42:10,53.341789,-6.227433,43073
283825,2013-01-12,10:42:27,53.341789,-6.227433,43073
284129,2013-01-12,10:42:49,53.341656,-6.229068,43073
284595,2013-01-12,10:43:06,53.341557,-6.231788,43073
284984,2013-01-12,10:43:29,53.341557,-6.231788,43073
285325,2013-01-12,10:43:47,53.342033,-6.235413,43073
285779,2013-01-12,10:44:07,53.342033,-6.235413,43073
286259,2013-01-12,10:44:32,53.342213,-6.236681,43073
286505,2013-01-12,10:44:48,53.342213,-6.236681,43073
286883,2013-01-12,10:45:06,53.342556,-6.239701,43073
287289,2013-01-12,10:45:29,53.342709,-6.240863,43073
287582,2013-01-12,10:45:47,53.342819,-6.241778,43073
288024,2013-01-12,10:46:07,53.34285,-6.242059,43073
288316,2013-01-12,10:46:32,53.342976,-6.24304,43073
288612,2013-01-12,10:46:48,53.343346,-6.245417,43073
289303,2013-01-12,10:47:13,53.34346,-6.245956,43073
289593,2013-01-12,10:47:27,53.343906,-6.248173,43073
289927,2013-01-12,10:47:46,53.344044,-6.248864,43073
290372,2013-01-12,10:48:06,53.344543,-6.25137,43073
290731,2013-01-12,10:48:28,53.345097,-6.254066,43073
291070,2013-01-12,10:48:47,53.345325,-6.255343,43073
291594,2013-01-12,10:49:09,53.345413,-6.255785,43073
291923,2013-01-12,10:49:27,53.34552,-6.256293,43073
292241,2013-01-12,10:49:46,53.345535,-6.257852,43073
292733,2013-01-12,10:50:07,53.345341,-6.258848,43073
293120,2013-01-12,10:50:27,53.34584,-6.259269,43073
293437,2013-01-12,10:50:48,53.34584,-6.259269,43073
293950,2013-01-12,10:51:08,53.346203,-6.259112,43073
294241,2013-01-12,10:51:27,53.346203,-6.259112,43073
294606,2013-01-12,10:51:47,53.346203,-6.259112,43073
294999,2013-01-12,10:52:05,53.346203,-6.259112,43073
295427,2013-01-12,10:52:28,53.347023,-6.259113,43073
295765,2013-01-12,10:52:48,53.348408,-6.25977,43073
296169,2013-01-12,10:53:06,53.349518,-6.260261,43073
296603,2013-01-12,10:53:27,53.349663,-6.260327,43073
296926,2013-01-12,10:53:45,53.349716,-6.260355,43073
297425,2013-01-12,10:54:07,53.350739,-6.260854,43073
297814,2013-01-12,10:54:28,53.351345,-6.261118,43073
298214,2013-01-12,10:54:48,53.351406,-6.261145,43073
298591,2013-01-12,10:55:07,53.351627,-6.261241,43073
298932,2013-01-12,10:55:25,53.352058,-6.26144,43073
299286,2013-01-12,10:55:45,53.352379,-6.26163,43073
299762,2013-01-12,10:56:08,53.352398,-6.261904,43073
300095,2013-01-12,10:56:26,53.352295,-6.262116,43073
300452,2013-01-12,10:56:46,53.351997,-6.262652,43073
300868,2013-01-12,10:57:05,53.351921,-6.263147,43073
301251,2013-01-12,10:57:25,53.353107,-6.26491,43073
301603,2013-01-12,10:57:45,53.353436,-6.265345,43073
302091,2013-01-12,10:58:12,53.354088,-6.266568,43073
302443,2013-01-12,10:58:26,53.354095,-6.266581,43073
302821,2013-01-12,10:58:47,53.354095,-6.266581,43073
303296,2013-01-12,10:59:07,53.354565,-6.266562,43073
303596,2013-01-12,10:59:26,53.356098,-6.265205,43073
303827,2013-01-12,10:59:46,53.357212,-6.264107,43073
304504,2013-01-12,11:00:08,53.35722,-6.2641,43073
304792,2013-01-12,11:00:27,53.357601,-6.263696,43073
305191,2013-01-12,11:00:47,53.358315,-6.262798,43073
305599,2013-01-12,11:01:08,53.358521,-6.262533,43073
305978,2013-01-12,11:01:26,53.358585,-6.262453,43073
306348,2013-01-12,11:01:47,53.358818,-6.26218,43073
306842,2013-01-12,11:02:09,53.359768,-6.261262,43073
307111,2013-01-12,11:02:25,53.360165,-6.260883,43073
307481,2013-01-12,11:02:47,53.360874,-6.260194,43073
307859,2013-01-12,11:03:05,53.361431,-6.259705,43073
308302,2013-01-12,11:03:27,53.362289,-6.258952,43073
308657,2013-01-12,11:03:46,53.362984,-6.258309,43073
309111,2013-01-12,11:04:06,53.363869,-6.257492,43073
309444,2013-01-12,11:04:27,53.365555,-6.256155,43073
309838,2013-01-12,11:04:47,53.367001,-6.255493,43073
310265,2013-01-12,11:05:05,53.367138,-6.255483,43073
310665,2013-01-12,11:05:28,53.367138,-6.255483,43073
310993,2013-01-12,11:05:46,53.368504,-6.255103,43073
311494,2013-01-12,11:06:08,53.369858,-6.254303,43073
311821,2013-01-12,11:06:27,53.370033,-6.254196,43073
312200,2013-01-12,11:06:47,53.371067,-6.253549,43073
312679,2013-01-12,11:07:08,53.372726,-6.252461,43073
312962,2013-01-12,11:07:26,53.373447,-6.252018,43073
313382,2013-01-12,11:07:46,53.373863,-6.25179,43073
313665,2013-01-12,11:08:15,53.374191,-6.251606,43073
314099,2013-01-12,11:08:26,53.375393,-6.250717,43073
314514,2013-01-12,11:08:46,53.375416,-6.250696,43073
315068,2013-01-12,11:09:08,53.375416,-6.250696,43073
315357,2013-01-12,11:09:27,53.375416,-6.250696,43073
315727,2013-01-12,11:09:47,53.375813,-6.250356,43073
316140,2013-01-12,11:10:07,53.377163,-6.248757,43073
316530,2013-01-12,11:10:27,53.378716,-6.247307,43073
316953,2013-01-12,11:10:49,53.380245,-6.246003,43073
317326,2013-01-12,11:11:07,53.381004,-6.245402,43073
317698,2013-01-12,11:11:28,53.381317,-6.245199,43073
318018,2013-01-12,11:11:46,53.38269,-6.244349,43073
318485,2013-01-12,11:12:07,53.384022,-6.243603,43073
318874,2013-01-12,11:12:27,53.384914,-6.243236,43073
319211,2013-01-12,11:12:47,53.386826,-6.243379,43073
319721,2013-01-12,11:13:10,53.387714,-6.244492,43073
320015,2013-01-12,11:13:26,53.387997,-6.244926,43073
320428,2013-01-12,11:13:49,53.388634,-6.245767,43073
320803,2013-01-12,11:14:05,53.389629,-6.246212,43073
321191,2013-01-12,11:14:26,53.389744,-6.246867,43073
321561,2013-01-12,11:14:46,53.389637,-6.248566,43073
322047,2013-01-12,11:15:09,53.390133,-6.249266,43073
322422,2013-01-12,11:15:27,53.391018,-6.250457,43073
322757,2013-01-12,11:15:47,53.391079,-6.252955,43073
323211,2013-01-12,11:16:08,53.391071,-6.254184,43073
323509,2013-01-12,11:16:26,53.390453,-6.25539,43073
323928,2013-01-12,11:16:48,53.390694,-6.257411,43073
324296,2013-01-12,11:17:07,53.391064,-6.260291,43073
324692,2013-01-12,11:17:27,53.39114,-6.261546,43073
325093,2013-01-12,11:17:47,53.39114,-6.261546,43073
325481,2013-01-12,11:18:08,53.39114,-6.261546,43073
325907,2013-01-12,11:18:30,53.39114,-6.261546,43073
326238,2013-01-12,11:18:46,53.39114,-6.261546,43073
326566,2013-01-12,11:19:09,53.39114,-6.261546,43073
326840,2013-01-12,11:19:25,53.39114,-6.261546,43073
327418,2013-01-12,11:19:47,53.39114,-6.261546,43073
327800,2013-01-12,11:20:06,53.39114,-6.261546,43073
328181,2013-01-12,11:20:26,53.39114,-6.261546,43073
328566,2013-01-12,11:20:46,53.39114,-6.261546,43073
328945,2013-01-12,11:21:07,53.39114,-6.261546,43073
329320,2013-01-12,11:21:27,53.39114,-6.261546,43073
329752,2013-01-12,11:21:48,53.39114,-6.261546,43073
330139,2013-01-12,11:22:06,53.39114,-6.261546,43073
330468,2013-01-12,11:22:26,53.39114,-6.261546,43073
331305,2013-01-12,11:23:08,53.39114,-6.261546,43073
332002,2013-01-12,11:23:46,53.39114,-6.261546,43073
332325,2013-01-12,11:24:08,53.391151,-6.26205,43073
332845,2013-01-12,11:24:26,53.391151,-6.26205,43073
333232,2013-01-12,11:24:47,53.391151,-6.26205,43073
333619,2013-01-12,11:25:07,53.391151,-6.26205,43073
333958,2013-01-12,11:25:25,53.391151,-6.26205,43073
334329,2013-01-12,11:25:46,53.391151,-6.26205,43073
334895,2013-01-12,11:26:10,53.391151,-6.26205,43073
335188,2013-01-12,11:26:26,53.391151,-6.26205,43073
335537,2013-01-12,11:26:47,53.391151,-6.26205,43073
335882,2013-01-12,11:27:07,53.391151,-6.26205,43073
336391,2013-01-12,11:27:27,53.391151,-6.26205,43073
336708,2013-01-12,11:27:46,53.391151,-6.26205,43073
336954,2013-01-12,11:28:06,53.391151,-6.26205,43073
337549,2013-01-12,11:28:28,53.391151,-6.26205,43073
337712,2013-01-12,11:28:47,53.391151,-6.26205,43073
338293,2013-01-12,11:29:07,53.391151,-6.26205,43073
338690,2013-01-12,11:29:26,53.391151,-6.26205,43073
339095,2013-01-12,11:29:46,53.391151,-6.26205,43073
339460,2013-01-12,11:30:06,53.391151,-6.26205,43073
339947,2013-01-12,11:30:29,53.391151,-6.26205,43073
340267,2013-01-12,11:30:47,53.391186,-6.262341,43073
341041,2013-01-12,11:31:27,53.391251,-6.256141,43073
341570,2013-01-12,11:31:50,53.391075,-6.253495,43073
341699,2013-01-12,11:32:06,53.391087,-6.251381,43073
342293,2013-01-12,11:32:29,53.39109,-6.250799,43073
342605,2013-01-12,11:32:47,53.390251,-6.249283,43073
343093,2013-01-12,11:33:08,53.389858,-6.249222,43073
343437,2013-01-12,11:33:26,53.389648,-6.248384,43073
343771,2013-01-12,11:33:46,53.389751,-6.246772,43073
344289,2013-01-12,11:34:11,53.389751,-6.246772,43073
344573,2013-01-12,11:34:27,53.389751,-6.246772,43073
344927,2013-01-12,11:34:47,53.389751,-6.246772,43073
345221,2013-01-12,11:35:06,53.389545,-6.246179,43073
345637,2013-01-12,11:35:26,53.388119,-6.245113,43073
346039,2013-01-12,11:35:46,53.387592,-6.24404,43073
346477,2013-01-12,11:36:07,53.387501,-6.242556,43073
346816,2013-01-12,11:36:25,53.386051,-6.242775,43073
347248,2013-01-12,11:36:46,53.384331,-6.243453,43073
347715,2013-01-12,11:37:08,53.384007,-6.243611,43073
348241,2013-01-12,11:37:30,53.383217,-6.244053,43073
348472,2013-01-12,11:37:46,53.382988,-6.24418,43073
348786,2013-01-12,11:38:09,53.382988,-6.24418,43073
349238,2013-01-12,11:38:25,53.382595,-6.244408,43073
349646,2013-01-12,11:38:48,53.381519,-6.245068,43073
350050,2013-01-12,11:39:08,53.380905,-6.245461,43073
350334,2013-01-12,11:39:26,53.379967,-6.246238,43073
350892,2013-01-12,11:39:51,53.379772,-6.246405,43073
351033,2013-01-12,11:40:09,53.37949,-6.246647,43073
351541,2013-01-12,11:40:25,53.379383,-6.246737,43073
351958,2013-01-12,11:40:48,53.379383,-6.246737,43073
352324,2013-01-12,11:41:06,53.378944,-6.246979,43073
352778,2013-01-12,11:41:27,53.378506,-6.247375,43073
353181,2013-01-12,11:41:47,53.378471,-6.247403,43073
353452,2013-01-12,11:42:05,53.378471,-6.247403,43073
353937,2013-01-12,11:42:26,53.378464,-6.24741,43073
354285,2013-01-12,11:42:46,53.378162,-6.247683,43073
354833,2013-01-12,11:43:10,53.37793,-6.247891,43073
355078,2013-01-12,11:43:26,53.377907,-6.247913,43073
355398,2013-01-12,11:43:50,53.377907,-6.247913,43073
355975,2013-01-12,11:44:09,53.377907,-6.247913,43073
356305,2013-01-12,11:44:27,53.377678,-6.248121,43073
356671,2013-01-12,11:44:47,53.377209,-6.248545,43073
357121,2013-01-12,11:45:08,53.376987,-6.248895,43073
357506,2013-01-12,11:45:26,53.376987,-6.248895,43073
357895,2013-01-12,11:45:47,53.376987,-6.248895,43073
358242,2013-01-12,11:46:07,53.37616,-6.249979,43073
358736,2013-01-12,11:46:28,53.37516,-6.250914,43073
359057,2013-01-12,11:46:46,53.374264,-6.251566,43073
359450,2013-01-12,11:47:06,53.372875,-6.252371,43073
359929,2013-01-12,11:47:29,53.371113,-6.253518,43073
360312,2013-01-12,11:47:47,53.369545,-6.254496,43073
360672,2013-01-12,11:48:07,53.368332,-6.255178,43073
361208,2013-01-12,11:48:28,53.367302,-6.255469,43073
361499,2013-01-12,11:48:46,53.367157,-6.255481,43073
361758,2013-01-12,11:49:07,53.366253,-6.255735,43073
362359,2013-01-12,11:49:25,53.364365,-6.25706,43073
362911,2013-01-12,11:49:54,53.363998,-6.257374,43073
363218,2013-01-12,11:50:16,53.363033,-6.25826,43073
363494,2013-01-12,11:50:30,53.362103,-6.25912,43073
363970,2013-01-12,11:50:50,53.361889,-6.259316,43073
364217,2013-01-12,11:51:06,53.360722,-6.26035,43073
364942,2013-01-12,11:51:29,53.360065,-6.26098,43073
365202,2013-01-12,11:51:45,53.360065,-6.26098,43073
365714,2013-01-12,11:52:08,53.360065,-6.26098,43073
366113,2013-01-12,11:52:26,53.359043,-6.261948,43073
366509,2013-01-12,11:52:46,53.35804,-6.263159,43073
366861,2013-01-12,11:53:05,53.357552,-6.263754,43073
367452,2013-01-12,11:53:27,53.356716,-6.264605,43073
367823,2013-01-12,11:53:48,53.355659,-6.265578,43073
368110,2013-01-12,11:54:06,53.355659,-6.265578,43073
368582,2013-01-12,11:54:30,53.353966,-6.267187,43073
369038,2013-01-12,11:54:47,53.352501,-6.265833,43073
369396,2013-01-12,11:55:07,53.352501,-6.265833,43073
369869,2013-01-12,11:55:26,53.352501,-6.265833,43073
370286,2013-01-12,11:55:46,53.35289,-6.26458,43073
370753,2013-01-12,11:56:09,53.354095,-6.264174,43073
371100,2013-01-12,11:56:25,53.353359,-6.26203,43073
371499,2013-01-12,11:56:46,53.353359,-6.26203,43073
371866,2013-01-12,11:57:06,53.353359,-6.26203,43073
372442,2013-01-12,11:57:29,53.353359,-6.26203,43073
372788,2013-01-12,11:57:47,53.353359,-6.26203,43073
374610,2013-01-12,11:59:12,53.350033,-6.260334,43073
374749,2013-01-12,11:59:23,53.350033,-6.260334,43073
375136,2013-01-12,11:59:47,53.348591,-6.259525,43073
376173,2013-01-12,12:00:26,53.348591,-6.259525,43073
376554,2013-01-12,12:00:48,53.348591,-6.259525,43073
376959,2013-01-12,12:01:06,53.348591,-6.259525,43073
377417,2013-01-12,12:01:26,53.347908,-6.259254,43073
377818,2013-01-12,12:01:47,53.347229,-6.258895,43073
378140,2013-01-12,12:02:05,53.347229,-6.258895,43073
378658,2013-01-12,12:02:26,53.347172,-6.258858,43073
379058,2013-01-12,12:02:46,53.34626,-6.257882,43073
379547,2013-01-12,12:03:08,53.345905,-6.256232,43073
379915,2013-01-12,12:03:27,53.34597,-6.25614,43073
380404,2013-01-12,12:03:47,53.345921,-6.255196,43073
380710,2013-01-12,12:04:08,53.345921,-6.255196,43073
381187,2013-01-12,12:04:26,53.345921,-6.255196,43073
381569,2013-01-12,12:04:48,53.345921,-6.255196,43073
381975,2013-01-12,12:05:07,53.345882,-6.254386,43073
382404,2013-01-12,12:05:25,53.345768,-6.252183,43073
382853,2013-01-12,12:05:48,53.345745,-6.251719,43073
383228,2013-01-12,12:06:06,53.345646,-6.24977,43073
383737,2013-01-12,12:06:27,53.345516,-6.249112,43073
384094,2013-01-12,12:06:45,53.345459,-6.248682,43073
384485,2013-01-12,12:07:05,53.345459,-6.248682,43073
385031,2013-01-12,12:07:28,53.345459,-6.248682,43073
385258,2013-01-12,12:07:48,53.345459,-6.248667,43073
385877,2013-01-12,12:08:09,53.344448,-6.246906,43073
386256,2013-01-12,12:08:26,53.343388,-6.245614,43073
386681,2013-01-12,12:08:47,53.343327,-6.245327,43073
387066,2013-01-12,12:09:10,53.343277,-6.245084,43073
387524,2013-01-12,12:09:34,53.343277,-6.245084,43073
387928,2013-01-12,12:09:46,53.343277,-6.245084,43073
388321,2013-01-12,12:10:09,53.343021,-6.243398,43073
388784,2013-01-12,12:10:27,53.342896,-6.242437,43073
389179,2013-01-12,12:10:48,53.342823,-6.241814,43073
389611,2013-01-12,12:11:06,53.342796,-6.241576,43073
390101,2013-01-12,12:11:26,53.342796,-6.241561,43073
390393,2013-01-12,12:11:45,53.34256,-6.239727,43073
390992,2013-01-12,12:12:11,53.342445,-6.238867,43073
391344,2013-01-12,12:12:28,53.342213,-6.236689,43073
391791,2013-01-12,12:12:48,53.342136,-6.236206,43073
391969,2013-01-12,12:13:06,53.341789,-6.233583,43073
392440,2013-01-12,12:13:27,53.341789,-6.233583,43073
393124,2013-01-12,12:13:49,53.341537,-6.231647,43073
393388,2013-01-12,12:14:05,53.341537,-6.231647,43073
393730,2013-01-12,12:14:28,53.341686,-6.228618,43073
394353,2013-01-12,12:14:49,53.341862,-6.226785,43073
394662,2013-01-12,12:15:05,53.34182,-6.226732,43073
395107,2013-01-12,12:15:28,53.340958,-6.225409,43073
395447,2013-01-12,12:15:46,53.339149,-6.223229,43073
396023,2013-01-12,12:16:09,53.339043,-6.22316,43073
396485,2013-01-12,12:16:27,53.338295,-6.222767,43073
396887,2013-01-12,12:16:47,53.336906,-6.222299,43073
397258,2013-01-12,12:17:06,53.335938,-6.221316,43073
397732,2013-01-12,12:17:26,53.335415,-6.219719,43073
398117,2013-01-12,12:17:46,53.334587,-6.218513,43073
398508,2013-01-12,12:18:05,53.333523,-6.216973,43073
399084,2013-01-12,12:18:27,53.333111,-6.216416,43073
399487,2013-01-12,12:18:47,53.333111,-6.216416,43073
399862,2013-01-12,12:19:06,53.333111,-6.216416,43073
400279,2013-01-12,12:19:26,53.333111,-6.216416,43073
400652,2013-01-12,12:19:48,53.333111,-6.216416,43073
401181,2013-01-12,12:20:06,53.332676,-6.215858,43073
401595,2013-01-12,12:20:26,53.332439,-6.215458,43073
402095,2013-01-12,12:20:46,53.333607,-6.214322,43073
402569,2013-01-12,12:21:07,53.333561,-6.214301,43073
403237,2013-01-12,12:21:45,53.333527,-6.214289,43073
403826,2013-01-12,12:22:06,53.333527,-6.214289,43073
404191,2013-01-12,12:22:26,53.333549,-6.21333,43073
404740,2013-01-12,12:22:47,53.332722,-6.210829,43073
404997,2013-01-12,12:23:03,53.332722,-6.210829,43073
405530,2013-01-12,12:23:25,53.328888,-6.208878,43073
405841,2013-01-12,12:23:42,53.328739,-6.208854,43073
406374,2013-01-12,12:24:04,53.327423,-6.2085,43073
406687,2013-01-12,12:24:23,53.325737,-6.207442,43073
407270,2013-01-12,12:24:43,53.325451,-6.20725,43073
407996,2013-01-12,12:25:22,53.324989,-6.207869,43073
408440,2013-01-12,12:25:40,53.324944,-6.208112,43073
409262,2013-01-12,12:26:21,53.324944,-6.208112,43073
410148,2013-01-12,12:27:00,53.324944,-6.208112,43073
410554,2013-01-12,12:27:20,53.324944,-6.208112,43073
410952,2013-01-12,12:27:31,53.324249,-6.2123,43073
411142,2013-01-12,12:27:45,53.324268,-6.212283,43073
411435,2013-01-12,12:28:01,53.324249,-6.212283,43073
411853,2013-01-12,12:28:21,53.324268,-6.21225,43073
412175,2013-01-12,12:28:30,53.324268,-6.21225,43073
412373,2013-01-12,12:28:42,53.324268,-6.2123,43073
412738,2013-01-12,12:29:02,53.324268,-6.212283,43073
413211,2013-01-12,12:29:22,53.324268,-6.2123,43073
413570,2013-01-12,12:29:35,53.324268,-6.2123,43073
413579,2013-01-12,12:29:43,53.324249,-6.212317,43073
414121,2013-01-12,12:30:03,53.324268,-6.212283,43073
414442,2013-01-12,12:30:21,53.324268,-6.212283,43073
414758,2013-01-12,12:30:33,53.324268,-6.212283,43073
415280,2013-01-12,12:31:02,53.324268,-6.21225,43073
415705,2013-01-12,12:31:23,53.324284,-6.212283,43073
415967,2013-01-12,12:31:31,53.324284,-6.212283,43073
416272,2013-01-12,12:31:45,53.324268,-6.2123,43073
416550,2013-01-12,12:32:01,53.324268,-6.2123,43073
416944,2013-01-12,12:32:22,53.324268,-6.212317,43073
417349,2013-01-12,12:32:32,53.324268,-6.212317,43073
417433,2013-01-12,12:32:42,53.324284,-6.212317,43073
417852,2013-01-12,12:33:02,53.324268,-6.212317,43073
418296,2013-01-12,12:33:23,53.324268,-6.2123,43073
418619,2013-01-12,12:33:33,53.324268,-6.2123,43073
418726,2013-01-12,12:33:41,53.324268,-6.212317,43073
419142,2013-01-12,12:34:01,53.324284,-6.212317,43073
419605,2013-01-12,12:34:24,53.324268,-6.2123,43073
419991,2013-01-12,12:34:34,53.324268,-6.2123,43073
420088,2013-01-12,12:34:44,53.324268,-6.2123,43073
420479,2013-01-12,12:35:02,53.324268,-6.2123,43073
420925,2013-01-12,12:35:23,53.324268,-6.2123,43073
421399,2013-01-12,12:35:43,53.324268,-6.2123,43073
421886,2013-01-12,12:36:03,53.324268,-6.2123,43073
422190,2013-01-12,12:36:26,53.324268,-6.2123,43073
422688,2013-01-12,12:36:42,53.324268,-6.2123,43073
423105,2013-01-12,12:37:02,53.324268,-6.2123,43073
423541,2013-01-12,12:37:23,53.324268,-6.2123,43073
424003,2013-01-12,12:37:45,53.324268,-6.2123,43073
424387,2013-01-12,12:38:02,53.324268,-6.2123,43073
424858,2013-01-12,12:38:22,53.324268,-6.2123,43073
425299,2013-01-12,12:38:41,53.324268,-6.2123,43073
425718,2013-01-12,12:39:01,53.324268,-6.2123,43073
426242,2013-01-12,12:39:24,53.324268,-6.2123,43073
426642,2013-01-12,12:39:42,53.324268,-6.2123,43073
427083,2013-01-12,12:40:03,53.324284,-6.212326,43073
427515,2013-01-12,12:40:23,53.324833,-6.208693,43073
428406,2013-01-12,12:41:04,53.325985,-6.207639,43073
428801,2013-01-12,12:41:22,53.326744,-6.208127,43073
429265,2013-01-12,12:41:45,53.328201,-6.208772,43073
429621,2013-01-12,12:42:01,53.328621,-6.208836,43073
430735,2013-01-12,12:42:48,53.328621,-6.208836,43073
431213,2013-01-12,12:43:10,53.332394,-6.211245,43073
431578,2013-01-12,12:43:29,53.331978,-6.212011,43073
432129,2013-01-12,12:43:51,53.331638,-6.213036,43073
432429,2013-01-12,12:44:08,53.332191,-6.215133,43073
432908,2013-01-12,12:44:30,53.332371,-6.215568,43073
433374,2013-01-12,12:44:48,53.332584,-6.21574,43073
433804,2013-01-12,12:45:09,53.332607,-6.215767,43073
434199,2013-01-12,12:45:29,53.333313,-6.216679,43073
434642,2013-01-12,12:45:48,53.334373,-6.218198,43073
435171,2013-01-12,12:46:12,53.335503,-6.219843,43073
435483,2013-01-12,12:46:28,53.336227,-6.222148,43073
435944,2013-01-12,12:46:49,53.337486,-6.222424,43073
436228,2013-01-12,12:47:09,53.337498,-6.222426,43073
436745,2013-01-12,12:47:28,53.337921,-6.222535,43073
437203,2013-01-12,12:47:48,53.338631,-6.223027,43073
437580,2013-01-12,12:48:11,53.338631,-6.223027,43073
438052,2013-01-12,12:48:27,53.338631,-6.223027,43073
438518,2013-01-12,12:48:48,53.339436,-6.223302,43073
438918,2013-01-12,12:49:08,53.340126,-6.223919,43073
439414,2013-01-12,12:49:30,53.340126,-6.223919,43073
439908,2013-01-12,12:49:51,53.340767,-6.225087,43073
440303,2013-01-12,12:50:09,53.341824,-6.226775,43073
440745,2013-01-12,12:50:33,53.341789,-6.227433,43073
441138,2013-01-12,12:50:50,53.341789,-6.227433,43073
441643,2013-01-12,12:51:12,53.341789,-6.227433,43073
441983,2013-01-12,12:51:29,53.341652,-6.229128,43073
442387,2013-01-12,12:51:49,53.341541,-6.230525,43073
442888,2013-01-12,12:52:10,53.341652,-6.232528,43073
443336,2013-01-12,12:52:30,53.341652,-6.232528,43073
443868,2013-01-12,12:52:52,53.342033,-6.235413,43073
444192,2013-01-12,12:53:09,53.342033,-6.235413,43073
444672,2013-01-12,12:53:31,53.342033,-6.235413,43073
445100,2013-01-12,12:53:49,53.342033,-6.235413,43073
445462,2013-01-12,12:54:08,53.34211,-6.236052,43073
445893,2013-01-12,12:54:28,53.342388,-6.238336,43073
446329,2013-01-12,12:54:55,53.342388,-6.238366,43073
446793,2013-01-12,12:55:09,53.342415,-6.238636,43073
447150,2013-01-12,12:55:27,53.342556,-6.239701,43073
447633,2013-01-12,12:55:49,53.342682,-6.240672,43073
448036,2013-01-12,12:56:08,53.34285,-6.242059,43073
448540,2013-01-12,12:56:30,53.34301,-6.243292,43073
448942,2013-01-12,12:56:49,53.343365,-6.245518,43073
449352,2013-01-12,12:57:09,53.343365,-6.245518,43073
449733,2013-01-12,12:57:30,53.343365,-6.245518,43073
450209,2013-01-12,12:57:49,53.34341,-6.24573,43073
450662,2013-01-12,12:58:11,53.343445,-6.245885,43073
451542,2013-01-12,12:58:50,53.343922,-6.248244,43073
451943,2013-01-12,12:59:11,53.343922,-6.248244,43073
452343,2013-01-12,12:59:29,53.343945,-6.248361,43073
452914,2013-01-12,12:59:51,53.343964,-6.248464,43073
453041,2013-01-12,13:00:08,53.344337,-6.250366,43073
453635,2013-01-12,13:00:30,53.345089,-6.254024,43073
454150,2013-01-12,13:00:51,53.345554,-6.25648,43073
454451,2013-01-12,13:01:09,53.345638,-6.25738,43073
454938,2013-01-12,13:01:30,53.345341,-6.258833,43073
455788,2013-01-12,13:02:10,53.34584,-6.259269,43073
456276,2013-01-12,13:02:33,53.34584,-6.259269,43073
456677,2013-01-12,13:02:51,53.34584,-6.259269,43073
457124,2013-01-12,13:03:18,53.34584,-6.259269,43073
457542,2013-01-12,13:03:32,53.346287,-6.259105,43073
458008,2013-01-12,13:03:55,53.346287,-6.259105,43073
458464,2013-01-12,13:04:13,53.347301,-6.259231,43073
458850,2013-01-12,13:04:32,53.348217,-6.259689,43073
459189,2013-01-12,13:04:52,53.348957,-6.260013,43073
459772,2013-01-12,13:05:14,53.34914,-6.260092,43073
460199,2013-01-12,13:05:33,53.350021,-6.260514,43073
460505,2013-01-12,13:05:51,53.350021,-6.260514,43073
461074,2013-01-12,13:06:12,53.350849,-6.260902,43073
461526,2013-01-12,13:06:32,53.351345,-6.261118,43073
462012,2013-01-12,13:06:53,53.351345,-6.261118,43073
462424,2013-01-12,13:07:11,53.351559,-6.26121,43073
462848,2013-01-12,13:07:31,53.352257,-6.261553,43073
463311,2013-01-12,13:07:52,53.352257,-6.261553,43073
463761,2013-01-12,13:08:10,53.352291,-6.261575,43073
464184,2013-01-12,13:08:31,53.352238,-6.262218,43073
464613,2013-01-12,13:08:51,53.351906,-6.262907,43073
465025,2013-01-12,13:09:11,53.352654,-6.264222,43073
465541,2013-01-12,13:09:32,53.353436,-6.265345,43073
466005,2013-01-12,13:09:52,53.353436,-6.265345,43073
466417,2013-01-12,13:10:12,53.354145,-6.266721,43073
466905,2013-01-12,13:10:35,53.355473,-6.265736,43073
467292,2013-01-12,13:10:51,53.35701,-6.264312,43073
467739,2013-01-12,13:11:11,53.357033,-6.264289,43073
468143,2013-01-12,13:11:30,53.357056,-6.264266,43073
468573,2013-01-12,13:11:50,53.357986,-6.263225,43073
469115,2013-01-12,13:12:13,53.358601,-6.262435,43073
469480,2013-01-12,13:12:31,53.358795,-6.262205,43073
469862,2013-01-12,13:12:52,53.358795,-6.262205,43073
470339,2013-01-12,13:13:10,53.358974,-6.262018,43073
470805,2013-01-12,13:13:33,53.359921,-6.261118,43073
471046,2013-01-12,13:13:55,53.360165,-6.260883,43073
471728,2013-01-12,13:14:14,53.360435,-6.260626,43073
472124,2013-01-12,13:14:34,53.362209,-6.259025,43073
472512,2013-01-12,13:14:50,53.362984,-6.258309,43073
472994,2013-01-12,13:15:11,53.362984,-6.258309,43073
473445,2013-01-12,13:15:31,53.364128,-6.257256,43073
473884,2013-01-12,13:15:50,53.365864,-6.255955,43073
474338,2013-01-12,13:16:10,53.367111,-6.255485,43073
474833,2013-01-12,13:16:33,53.367298,-6.25547,43073
475230,2013-01-12,13:16:51,53.367306,-6.255469,43073
475727,2013-01-12,13:17:11,53.367306,-6.255469,43073
476161,2013-01-12,13:17:31,53.367706,-6.255417,43073
476616,2013-01-12,13:17:51,53.369732,-6.25438,43073
477094,2013-01-12,13:18:12,53.370033,-6.254196,43073
477449,2013-01-12,13:18:30,53.370613,-6.253841,43073
477914,2013-01-12,13:18:50,53.371433,-6.25332,43073
478473,2013-01-12,13:19:11,53.372593,-6.252546,43073
478894,2013-01-12,13:19:31,53.372982,-6.252305,43073
479255,2013-01-12,13:19:50,53.374409,-6.251472,43073
479831,2013-01-12,13:20:13,53.37516,-6.250913,43073
480248,2013-01-12,13:20:31,53.375481,-6.250642,43073
480636,2013-01-12,13:20:53,53.375481,-6.250642,43073
481164,2013-01-12,13:21:12,53.375481,-6.250642,43073
481619,2013-01-12,13:21:32,53.375481,-6.250642,43073
481977,2013-01-12,13:21:50,53.376068,-6.25008,43073
482468,2013-01-12,13:22:11,53.37635,-6.24976,43073
482922,2013-01-12,13:22:31,53.377579,-6.248299,43073
483368,2013-01-12,13:22:52,53.379387,-6.246734,43073
483846,2013-01-12,13:23:12,53.379883,-6.246313,43073
484269,2013-01-12,13:23:31,53.381176,-6.24529,43073
484726,2013-01-12,13:23:54,53.38155,-6.245047,43073
485243,2013-01-12,13:24:26,53.38168,-6.244963,43073
485660,2013-01-12,13:24:33,53.382858,-6.244253,43073
486105,2013-01-12,13:24:51,53.384808,-6.243268,43073
486559,2013-01-12,13:25:09,53.387154,-6.243629,43073
486985,2013-01-12,13:25:30,53.387997,-6.244926,43073
487456,2013-01-12,13:25:50,53.388882,-6.245921,43073
487889,2013-01-12,13:26:11,53.389744,-6.246867,43073
488391,2013-01-12,13:26:31,53.389626,-6.249184,43073
488815,2013-01-12,13:26:54,53.389946,-6.249237,43073
489716,2013-01-12,13:27:33,53.391071,-6.253941,43073
490137,2013-01-12,13:27:51,53.390484,-6.255658,43073
490687,2013-01-12,13:28:13,53.390694,-6.257411,43073
491037,2013-01-12,13:28:30,53.390938,-6.259321,43073
491449,2013-01-12,13:28:50,53.391117,-6.261142,43073
492321,2013-01-12,13:29:29,53.391155,-6.261771,43073
492754,2013-01-12,13:29:49,53.391155,-6.261771,43073
493232,2013-01-12,13:30:10,53.391155,-6.261771,43073
493671,2013-01-12,13:30:28,53.391155,-6.261771,43073
494033,2013-01-12,13:30:46,53.391155,-6.261771,43073
494517,2013-01-12,13:31:07,53.391155,-6.261771,43073
494992,2013-01-12,13:31:29,53.391155,-6.261771,43073
495384,2013-01-12,13:31:47,53.391155,-6.261771,43073
495855,2013-01-12,13:32:08,53.391155,-6.261771,43073
496318,2013-01-12,13:32:28,53.391155,-6.261771,43073
496753,2013-01-12,13:32:49,53.391155,-6.261771,43073
497194,2013-01-12,13:33:07,53.391155,-6.261771,43073
497631,2013-01-12,13:33:27,53.391155,-6.261771,43073
497958,2013-01-12,13:33:50,53.391155,-6.261771,43073
498549,2013-01-12,13:34:07,53.391155,-6.261771,43073
499498,2013-01-12,13:34:52,53.391155,-6.261771,43073
499661,2013-01-12,13:35:02,53.391201,-6.262084,43073
500337,2013-01-12,13:35:28,53.391167,-6.2621,43073
500696,2013-01-12,13:35:47,53.391167,-6.2621,43073
501254,2013-01-12,13:36:07,53.391167,-6.2621,43073
501696,2013-01-12,13:36:29,53.391167,-6.2621,43073
502102,2013-01-12,13:36:48,53.391167,-6.2621,43073
502646,2013-01-12,13:37:09,53.391167,-6.2621,43073
502961,2013-01-12,13:37:29,53.391167,-6.2621,43073
503495,2013-01-12,13:37:50,53.391167,-6.2621,43073
503964,2013-01-12,13:38:08,53.391167,-6.2621,43073
504420,2013-01-12,13:38:28,53.391167,-6.2621,43073
504844,2013-01-12,13:38:49,53.391167,-6.2621,43073
505299,2013-01-12,13:39:07,53.391167,-6.2621,43073
505797,2013-01-12,13:39:28,53.391167,-6.2621,43073
506195,2013-01-12,13:39:49,53.391167,-6.2621,43073
506626,2013-01-12,13:40:07,53.391865,-6.262371,43073
507155,2013-01-12,13:40:31,53.391186,-6.262341,43073
507291,2013-01-12,13:40:48,53.391762,-6.259087,43073
508052,2013-01-12,13:41:11,53.39138,-6.256735,43073
508767,2013-01-12,13:41:47,53.391251,-6.256141,43073
509291,2013-01-12,13:42:10,53.391083,-6.252371,43073
509706,2013-01-12,13:42:28,53.390469,-6.249315,43073
510036,2013-01-12,13:42:47,53.389858,-6.249222,43073
510627,2013-01-12,13:43:11,53.389645,-6.248473,43073
511005,2013-01-12,13:43:27,53.389748,-6.246831,43073
511511,2013-01-12,13:43:50,53.389458,-6.246145,43073
511921,2013-01-12,13:44:08,53.388958,-6.24595,43073
512359,2013-01-12,13:44:29,53.387939,-6.24484,43073
512758,2013-01-12,13:44:49,53.38755,-6.243342,43073
513198,2013-01-12,13:45:08,53.386948,-6.242271,43073
513719,2013-01-12,13:45:30,53.384472,-6.243393,43073
514076,2013-01-12,13:45:48,53.383526,-6.243879,43073
514637,2013-01-12,13:46:13,53.383526,-6.243879,43073
514980,2013-01-12,13:46:29,53.383217,-6.244053,43073
515414,2013-01-12,13:46:49,53.38176,-6.244913,43073
515649,2013-01-12,13:47:08,53.381519,-6.245068,43073
516216,2013-01-12,13:47:28,53.381519,-6.245068,43073
516638,2013-01-12,13:47:48,53.381519,-6.245068,43073
517116,2013-01-12,13:48:09,53.381382,-6.245156,43073
517490,2013-01-12,13:48:27,53.379612,-6.246543,43073
517960,2013-01-12,13:48:49,53.37825,-6.247604,43073
518495,2013-01-12,13:49:09,53.377995,-6.247834,43073
518919,2013-01-12,13:49:34,53.377575,-6.248215,43073
519342,2013-01-12,13:49:58,53.377575,-6.248215,43073
519722,2013-01-12,13:50:08,53.377541,-6.248243,43073
519968,2013-01-12,13:50:29,53.376633,-6.249397,43073
520398,2013-01-12,13:50:50,53.37648,-6.249598,43073
520992,2013-01-12,13:51:07,53.37648,-6.249598,43073
521269,2013-01-12,13:51:28,53.376465,-6.249615,43073
522184,2013-01-12,13:52:09,53.373276,-6.252122,43073
522753,2013-01-12,13:52:26,53.373093,-6.252235,43073
523209,2013-01-12,13:52:49,53.373093,-6.252235,43073
523662,2013-01-12,13:53:08,53.373093,-6.252235,43073
524120,2013-01-12,13:53:28,53.371971,-6.252965,43073
524592,2013-01-12,13:53:50,53.37027,-6.25405,43073
524989,2013-01-12,13:54:08,53.369949,-6.254246,43073
525432,2013-01-12,13:54:29,53.369091,-6.254782,43073
525843,2013-01-12,13:54:51,53.369057,-6.254803,43073
526293,2013-01-12,13:55:09,53.369057,-6.254803,43073
526733,2013-01-12,13:55:28,53.367695,-6.255419,43073
527170,2013-01-12,13:55:48,53.367157,-6.255481,43073
527653,2013-01-12,13:56:09,53.366554,-6.255608,43073
528061,2013-01-12,13:56:27,53.364494,-6.256958,43073
528472,2013-01-12,13:56:47,53.363998,-6.257374,43073
528894,2013-01-12,13:57:08,53.363998,-6.257374,43073
529416,2013-01-12,13:57:28,53.363785,-6.257567,43073
529778,2013-01-12,13:57:47,53.362549,-6.258714,43073
530326,2013-01-12,13:58:09,53.3624,-6.25885,43073
530689,2013-01-12,13:58:27,53.36211,-6.259112,43073
531089,2013-01-12,13:58:50,53.36211,-6.259112,43073
531563,2013-01-12,13:59:08,53.361897,-6.259309,43073
531971,2013-01-12,13:59:26,53.360775,-6.260295,43073
532532,2013-01-12,13:59:51,53.360065,-6.26098,43073
532835,2013-01-12,14:00:07,53.360065,-6.26098,43073
533363,2013-01-12,14:00:27,53.360065,-6.26098,43073
533756,2013-01-12,14:00:47,53.359596,-6.261419,43073
534273,2013-01-12,14:01:09,53.358307,-6.262806,43073
534652,2013-01-12,14:01:28,53.357899,-6.263332,43073
535099,2013-01-12,14:01:48,53.356239,-6.265066,43073
535498,2013-01-12,14:02:08,53.355366,-6.265832,43073
536058,2013-01-12,14:02:31,53.355293,-6.265898,43073
536387,2013-01-12,14:02:48,53.35218,-6.266593,43073
536808,2013-01-12,14:03:08,53.354214,-6.263636,43073
537299,2013-01-12,14:03:29,53.353359,-6.26203,43073
537754,2013-01-12,14:03:49,53.352543,-6.261261,43073
538136,2013-01-12,14:04:07,53.35252,-6.26125,43073
538595,2013-01-12,14:04:28,53.351791,-6.260935,43073
539038,2013-01-12,14:04:48,53.350456,-6.260355,43073
539418,2013-01-12,14:05:07,53.349834,-6.260068,43073
539888,2013-01-12,14:05:27,53.34914,-6.259768,43073
540350,2013-01-12,14:05:49,53.34914,-6.259768,43073
540758,2013-01-12,14:06:08,53.348591,-6.259525,43073
541281,2013-01-12,14:06:28,53.348591,-6.259525,43073
541701,2013-01-12,14:06:49,53.348591,-6.259525,43073
542645,2013-01-12,14:07:30,53.348591,-6.259525,43073
543001,2013-01-12,14:07:48,53.348591,-6.259525,43073
543506,2013-01-12,14:08:12,53.347298,-6.258938,43073
543938,2013-01-12,14:08:29,53.345924,-6.257284,43073
544351,2013-01-12,14:08:47,53.345909,-6.256873,43073
544818,2013-01-12,14:09:10,53.345905,-6.25614,43073
545288,2013-01-12,14:09:28,53.34597,-6.25614,43073
545699,2013-01-12,14:09:48,53.345936,-6.255466,43073
546109,2013-01-12,14:10:09,53.345936,-6.255466,43073
546464,2013-01-12,14:10:27,53.345936,-6.255466,43073
546995,2013-01-12,14:10:47,53.345882,-6.254431,43073
547381,2013-01-12,14:11:08,53.345779,-6.252393,43073
547941,2013-01-12,14:11:28,53.345753,-6.251868,43073
548442,2013-01-12,14:11:50,53.345501,-6.248962,43073
548759,2013-01-12,14:12:09,53.345478,-6.248814,43073
549274,2013-01-12,14:12:27,53.345478,-6.248814,43073
549683,2013-01-12,14:12:49,53.344852,-6.247216,43073
550103,2013-01-12,14:13:08,53.343742,-6.246513,43073
550683,2013-01-12,14:13:30,53.343327,-6.245327,43073
551019,2013-01-12,14:13:47,53.343246,-6.244941,43073
551527,2013-01-12,14:14:10,53.342937,-6.242717,43073
551951,2013-01-12,14:14:28,53.342896,-6.242437,43073
552248,2013-01-12,14:14:50,53.342896,-6.242437,43073
552789,2013-01-12,14:15:08,53.342896,-6.242437,43073
553320,2013-01-12,14:15:30,53.342896,-6.242437,43073
553760,2013-01-12,14:15:48,53.342896,-6.242437,43073
554156,2013-01-12,14:16:09,53.342888,-6.242378,43073
554675,2013-01-12,14:16:31,53.34288,-6.24232,43073
555058,2013-01-12,14:16:48,53.34288,-6.24232,43073
555522,2013-01-12,14:17:08,53.34288,-6.24232,43073
555940,2013-01-12,14:17:27,53.3428,-6.241621,43073
556412,2013-01-12,14:17:49,53.342442,-6.238838,43073
556759,2013-01-12,14:18:08,53.342236,-6.236821,43073
557298,2013-01-12,14:18:28,53.342167,-6.236396,43073
557665,2013-01-12,14:18:48,53.341801,-6.233686,43073
558101,2013-01-12,14:19:07,53.341801,-6.233686,43073
558614,2013-01-12,14:19:27,53.341717,-6.233049,43073
558972,2013-01-12,14:19:51,53.341717,-6.233049,43073
559425,2013-01-12,14:20:09,53.341717,-6.233049,43073
559955,2013-01-12,14:20:27,53.341717,-6.233049,43073
560235,2013-01-12,14:20:47,53.341663,-6.232632,43073
560819,2013-01-12,14:21:08,53.341663,-6.232632,43073
561342,2013-01-12,14:21:28,53.341663,-6.232632,43073
561739,2013-01-12,14:21:48,53.341663,-6.232632,43073
562199,2013-01-12,14:22:09,53.341663,-6.232632,43073
562519,2013-01-12,14:22:25,53.340786,-6.225124,43073
562678,2013-01-12,14:22:27,53.340786,-6.225124,43073
563111,2013-01-12,14:22:50,53.340786,-6.225124,43073
563483,2013-01-12,14:23:08,53.340786,-6.225124,43073
563891,2013-01-12,14:23:24,53.338791,-6.223135,43073
564079,2013-01-12,14:23:30,53.338791,-6.223135,43073
564462,2013-01-12,14:23:49,53.338791,-6.223135,43073
564898,2013-01-12,14:24:09,53.338791,-6.223135,43073
565214,2013-01-12,14:24:26,53.337944,-6.222541,43073
565324,2013-01-12,14:24:28,53.337944,-6.222541,43073
565788,2013-01-12,14:24:48,53.337944,-6.222541,43073
566273,2013-01-12,14:25:09,53.337944,-6.222541,43073
566438,2013-01-12,14:25:25,53.336319,-6.22217,43073
566739,2013-01-12,14:25:31,53.336319,-6.22217,43073
566949,2013-01-12,14:25:47,53.336319,-6.22217,43073
567523,2013-01-12,14:26:08,53.336319,-6.22217,43073
567913,2013-01-12,14:26:26,53.334492,-6.218374,43073
568034,2013-01-12,14:26:28,53.334492,-6.218374,43073
568560,2013-01-12,14:26:50,53.334492,-6.218374,43073
568877,2013-01-12,14:27:09,53.334492,-6.218374,43073
569240,2013-01-12,14:27:25,53.33308,-6.214784,43073
569351,2013-01-12,14:27:27,53.33308,-6.214784,43073
569811,2013-01-12,14:27:48,53.33308,-6.214784,43073
570258,2013-01-12,14:28:10,53.33308,-6.214784,43073
570523,2013-01-12,14:28:30,53.332657,-6.210701,43073
570950,2013-01-12,14:28:47,53.332657,-6.210701,43073
571507,2013-01-12,14:29:08,53.332657,-6.210701,43073
571951,2013-01-12,14:29:28,53.332657,-6.210701,43073
572045,2013-01-12,14:29:30,53.329002,-6.208895,43073
572449,2013-01-12,14:29:49,53.329002,-6.208895,43073
572867,2013-01-12,14:30:09,53.329002,-6.208895,43073
573253,2013-01-12,14:30:28,53.329002,-6.208895,43073
573349,2013-01-12,14:30:30,53.325523,-6.207282,43073
573803,2013-01-12,14:30:50,53.325523,-6.207282,43073
574189,2013-01-12,14:31:09,53.325523,-6.207282,43073
574689,2013-01-12,14:31:31,53.3293,-6.208867,43073
575091,2013-01-12,14:31:57,53.328766,-6.208817,43073
575544,2013-01-12,14:32:10,53.328785,-6.2088,43073
575941,2013-01-12,14:32:31,53.327965,-6.208633,43073
576356,2013-01-12,14:32:54,53.325851,-6.207467,43073
576906,2013-01-12,14:33:23,53.325649,-6.207317,43073
577256,2013-01-12,14:33:29,53.3251,-6.207417,43073
577700,2013-01-12,14:33:47,53.324833,-6.208766,43073
578134,2013-01-12,14:34:08,53.324383,-6.211,43073
578614,2013-01-12,14:34:28,53.324017,-6.211983,43073
579065,2013-01-12,14:34:48,53.324215,-6.212234,43073
579557,2013-01-12,14:35:11,53.324215,-6.212234,43073
579976,2013-01-12,14:35:31,53.324234,-6.212234,43073
580424,2013-01-12,14:35:47,53.324215,-6.212217,43073
580857,2013-01-12,14:36:10,53.324215,-6.2122,43073
581727,2013-01-12,14:36:49,53.324215,-6.2122,43073
582595,2013-01-12,14:37:28,53.324215,-6.2122,43073
583139,2013-01-12,14:37:48,53.324215,-6.212217,43073
583554,2013-01-12,14:38:09,53.324215,-6.2122,43073
583997,2013-01-12,14:38:31,53.3242,-6.2122,43073
584461,2013-01-12,14:38:47,53.324215,-6.212167,43073
584878,2013-01-12,14:39:08,53.3242,-6.2122,43073
585336,2013-01-12,14:39:28,53.324215,-6.212183,43073
585870,2013-01-12,14:39:51,53.3242,-6.212217,43073
586239,2013-01-12,14:40:07,53.3242,-6.212167,43073
586723,2013-01-12,14:40:30,53.3242,-6.2122,43073
587172,2013-01-12,14:40:48,53.324215,-6.2122,43073
587655,2013-01-12,14:41:09,53.3242,-6.212183,43073
588059,2013-01-12,14:41:29,53.324215,-6.212234,43073
588635,2013-01-12,14:41:49,53.324215,-6.212217,43073
589050,2013-01-12,14:42:10,53.3242,-6.212217,43073
589465,2013-01-12,14:42:28,53.324215,-6.2122,43073
589952,2013-01-12,14:42:51,53.324215,-6.212183,43073
590375,2013-01-12,14:43:09,53.324383,-6.212017,43073
590741,2013-01-12,14:43:30,53.324417,-6.21095,43073
591254,2013-01-12,14:43:48,53.324585,-6.20985,43073
591690,2013-01-12,14:44:08,53.324917,-6.2082,43073
592070,2013-01-12,14:44:27,53.325668,-6.20735,43073
593530,2013-01-12,14:45:30,53.329224,-6.20893,43073
594403,2013-01-12,14:46:07,53.332542,-6.210976,43073
594851,2013-01-12,14:46:30,53.332134,-6.211722,43073
595292,2013-01-12,14:46:48,53.331722,-6.213441,43073
595634,2013-01-12,14:47:13,53.332119,-6.214911,43073
596171,2013-01-12,14:47:29,53.332222,-6.215211,43073
596931,2013-01-12,14:48:10,53.332584,-6.21574,43073
597316,2013-01-12,14:48:29,53.332642,-6.215814,43073
597835,2013-01-12,14:48:51,53.332649,-6.215823,43073
598206,2013-01-12,14:49:07,53.332813,-6.216034,43073
598671,2013-01-12,14:49:30,53.333588,-6.217069,43073
599133,2013-01-12,14:49:50,53.334373,-6.218198,43073
599530,2013-01-12,14:50:09,53.335308,-6.219562,43073
599948,2013-01-12,14:50:29,53.335991,-6.221785,43073
600257,2013-01-12,14:50:49,53.33688,-6.222294,43073
600778,2013-01-12,14:51:10,53.337288,-6.222373,43073
601348,2013-01-12,14:51:28,53.337517,-6.222431,43073
601702,2013-01-12,14:51:49,53.337933,-6.222538,43073
602297,2013-01-12,14:52:09,53.338631,-6.223027,43073
602662,2013-01-12,14:52:28,53.338879,-6.223159,43073
603097,2013-01-12,14:52:48,53.340126,-6.223919,43073
603582,2013-01-12,14:53:12,53.340126,-6.223919,43073
604440,2013-01-12,14:53:48,53.341839,-6.227083,43073
604979,2013-01-12,14:54:09,53.341789,-6.227433,43073
605453,2013-01-12,14:54:29,53.341759,-6.22767,43073
605830,2013-01-12,14:54:48,53.341553,-6.230345,43073
606391,2013-01-12,14:55:12,53.341541,-6.23051,43073
606904,2013-01-12,14:55:33,53.341534,-6.230645,43073
607253,2013-01-12,14:55:49,53.341534,-6.230645,43073
607701,2013-01-12,14:56:07,53.342033,-6.235413,43073
608129,2013-01-12,14:56:28,53.342033,-6.235413,43073
608534,2013-01-12,14:56:48,53.342278,-6.2372,43073
609003,2013-01-12,14:57:15,53.342278,-6.2372,43073
609559,2013-01-12,14:57:29,53.342556,-6.239701,43073
609995,2013-01-12,14:57:51,53.342556,-6.239701,43073
610446,2013-01-12,14:58:08,53.34269,-6.240716,43073
610904,2013-01-12,14:58:28,53.34269,-6.240716,43073
611319,2013-01-12,14:58:51,53.3428,-6.241615,43073
611813,2013-01-12,14:59:07,53.34285,-6.242059,43073
612262,2013-01-12,14:59:28,53.343182,-6.244629,43073
612776,2013-01-12,14:59:52,53.343365,-6.245518,43073
613187,2013-01-12,15:00:08,53.343456,-6.245942,43073
613679,2013-01-12,15:00:29,53.343502,-6.246154,43073
614025,2013-01-12,15:00:47,53.34407,-6.248993,43073
614495,2013-01-12,15:01:07,53.344738,-6.252253,43073
615090,2013-01-12,15:01:32,53.345337,-6.2554,43073
615399,2013-01-12,15:01:48,53.345604,-6.256889,43073
615913,2013-01-12,15:02:09,53.345604,-6.256889,43073
616226,2013-01-12,15:02:27,53.345604,-6.256889,43073
616787,2013-01-12,15:02:48,53.345604,-6.256889,43073
617326,2013-01-12,15:03:10,53.345604,-6.256889,43073
617678,2013-01-12,15:03:29,53.345474,-6.258034,43073
618124,2013-01-12,15:03:49,53.345631,-6.259116,43073
618572,2013-01-12,15:04:09,53.34584,-6.259269,43073
619053,2013-01-12,15:04:28,53.346176,-6.259114,43073
619434,2013-01-12,15:04:48,53.347763,-6.259496,43073
619994,2013-01-12,15:05:08,53.348171,-6.25967,43073
620449,2013-01-12,15:05:29,53.348171,-6.25967,43073
620851,2013-01-12,15:05:49,53.34827,-6.259712,43073
621381,2013-01-12,15:06:10,53.349464,-6.260237,43073
621796,2013-01-12,15:06:30,53.350613,-6.260798,43073
622236,2013-01-12,15:06:49,53.351101,-6.261013,43073
622674,2013-01-12,15:07:11,53.351345,-6.261118,43073
623186,2013-01-12,15:07:29,53.351345,-6.261118,43073
623437,2013-01-12,15:07:56,53.351345,-6.261118,43073
624141,2013-01-12,15:08:12,53.351849,-6.261337,43073
624496,2013-01-12,15:08:29,53.351849,-6.261337,43073
625025,2013-01-12,15:08:53,53.352165,-6.261496,43073
625385,2013-01-12,15:09:10,53.352444,-6.261674,43073
625757,2013-01-12,15:09:28,53.352421,-6.261837,43073
626436,2013-01-12,15:09:51,53.352283,-6.262138,43073
626884,2013-01-12,15:10:09,53.351967,-6.263217,43073
627314,2013-01-12,15:10:30,53.353233,-6.265085,43073
627728,2013-01-12,15:10:48,53.353458,-6.265372,43073
628195,2013-01-12,15:11:08,53.354053,-6.266479,43073
628674,2013-01-12,15:11:29,53.354053,-6.266479,43073
629118,2013-01-12,15:11:49,53.354053,-6.266479,43073
629567,2013-01-12,15:12:10,53.354378,-6.266773,43073
630018,2013-01-12,15:12:28,53.355995,-6.265299,43073
630467,2013-01-12,15:12:51,53.356743,-6.264577,43073
630996,2013-01-12,15:13:09,53.356743,-6.264577,43073
631363,2013-01-12,15:13:28,53.356934,-6.264388,43073
631816,2013-01-12,15:13:48,53.357174,-6.264145,43073
632396,2013-01-12,15:14:08,53.358433,-6.262643,43073
632757,2013-01-12,15:14:27,53.360165,-6.260883,43073
633216,2013-01-12,15:14:47,53.361073,-6.259998,43073
633672,2013-01-12,15:15:07,53.36245,-6.258806,43073
634143,2013-01-12,15:15:30,53.362984,-6.258309,43073
634576,2013-01-12,15:15:48,53.363071,-6.258225,43073
635138,2013-01-12,15:16:09,53.363071,-6.258225,43073
635439,2013-01-12,15:16:32,53.364208,-6.257184,43073
636013,2013-01-12,15:16:50,53.3661,-6.255803,43073
636559,2013-01-12,15:17:11,53.366985,-6.255495,43073
636903,2013-01-12,15:17:28,53.367001,-6.255493,43073
637451,2013-01-12,15:17:50,53.367672,-6.255424,43073
637874,2013-01-12,15:18:09,53.369316,-6.254642,43073
638271,2013-01-12,15:18:29,53.370033,-6.254196,43073
638680,2013-01-12,15:18:47,53.370739,-6.253763,43073
639193,2013-01-12,15:19:08,53.370766,-6.253747,43073
639538,2013-01-12,15:19:30,53.371304,-6.253399,43073
640099,2013-01-12,15:19:49,53.37151,-6.253272,43073
640434,2013-01-12,15:20:11,53.371628,-6.253198,43073
640924,2013-01-12,15:20:29,53.371937,-6.252987,43073
641341,2013-01-12,15:20:49,53.373474,-6.252004,43073
641764,2013-01-12,15:21:08,53.374672,-6.251283,43073
642111,2013-01-12,15:21:28,53.375225,-6.250859,43073
642437,2013-01-12,15:21:48,53.375328,-6.250771,43073
643060,2013-01-12,15:22:11,53.376286,-6.249843,43073
643526,2013-01-12,15:22:30,53.377865,-6.248033,43073
643991,2013-01-12,15:22:52,53.379551,-6.246595,43073
644390,2013-01-12,15:23:08,53.381317,-6.245199,43073
644862,2013-01-12,15:23:29,53.381821,-6.244874,43073
645283,2013-01-12,15:23:47,53.382034,-6.244737,43073
645717,2013-01-12,15:24:09,53.382534,-6.244444,43073
646175,2013-01-12,15:24:28,53.384827,-6.243263,43073
646644,2013-01-12,15:24:48,53.387138,-6.243612,43073
647098,2013-01-12,15:25:09,53.387527,-6.244179,43073
647542,2013-01-12,15:25:27,53.388512,-6.245689,43073
647956,2013-01-12,15:25:47,53.389271,-6.246071,43073
648494,2013-01-12,15:26:12,53.389767,-6.246265,43073
648926,2013-01-12,15:26:29,53.389736,-6.24699,43073
649337,2013-01-12,15:26:49,53.389618,-6.249183,43073
649969,2013-01-12,15:27:12,53.389946,-6.249237,43073
650261,2013-01-12,15:27:42,53.391037,-6.250525,43073
650695,2013-01-12,15:27:46,53.391075,-6.253729,43073
651260,2013-01-12,15:28:09,53.390476,-6.254399,43073
651685,2013-01-12,15:28:29,53.390644,-6.257041,43073
652066,2013-01-12,15:28:47,53.391079,-6.260438,43073
652981,2013-01-12,15:29:28,53.391079,-6.260438,43073
653726,2013-01-12,15:30:09,53.391079,-6.260438,43073
654051,2013-01-12,15:30:11,53.391167,-6.26205,43073
654462,2013-01-12,15:30:30,53.391167,-6.26205,43073
655406,2013-01-12,15:31:11,53.391167,-6.262033,43073
655767,2013-01-12,15:31:29,53.391151,-6.262017,43073
656125,2013-01-12,15:31:47,53.391151,-6.262033,43073
656618,2013-01-12,15:32:08,53.391151,-6.26205,43073
656735,2013-01-12,15:32:12,53.391151,-6.26205,43073
657112,2013-01-12,15:32:28,53.391151,-6.26205,43073
657584,2013-01-12,15:32:48,53.391151,-6.262033,43073
657959,2013-01-12,15:33:09,53.391151,-6.26205,43073
658565,2013-01-12,15:33:31,53.391151,-6.262067,43073
658901,2013-01-12,15:33:48,53.391167,-6.262067,43073
659391,2013-01-12,15:34:08,53.391167,-6.26205,43073
659448,2013-01-12,15:34:10,53.391167,-6.26205,43073
659914,2013-01-12,15:34:33,53.391182,-6.26205,43073
660279,2013-01-12,15:34:49,53.391182,-6.26205,43073
660850,2013-01-12,15:35:11,53.391182,-6.26205,43073
661059,2013-01-12,15:35:30,53.391182,-6.26205,43073
661625,2013-01-12,15:35:48,53.391182,-6.26205,43073
662036,2013-01-12,15:36:08,53.391182,-6.26205,43073
662618,2013-01-12,15:36:31,53.391182,-6.26205,43073
663040,2013-01-12,15:36:51,53.391182,-6.26205,43073
663471,2013-01-12,15:37:16,53.391182,-6.26205,43073
663928,2013-01-12,15:37:32,53.391182,-6.26205,43073
664322,2013-01-12,15:37:51,53.391182,-6.26205,43073
664737,2013-01-12,15:38:09,53.391182,-6.26205,43073
665237,2013-01-12,15:38:29,53.391182,-6.26205,43073
665593,2013-01-12,15:38:48,53.391182,-6.26205,43073
666065,2013-01-12,15:39:08,53.391182,-6.26205,43073
666572,2013-01-12,15:39:29,53.391182,-6.26205,43073
667055,2013-01-12,15:39:49,53.391182,-6.26205,43073
667418,2013-01-12,15:40:09,53.391182,-6.26205,43073
668004,2013-01-12,15:40:30,53.391182,-6.26205,43073
668404,2013-01-12,15:40:51,53.391182,-6.26205,43073
668722,2013-01-12,15:41:09,53.391182,-6.26205,43073
669224,2013-01-12,15:41:27,53.391232,-6.262436,43073
669619,2013-01-12,15:41:48,53.391186,-6.262341,43073
670076,2013-01-12,15:42:08,53.39185,-6.26051,43073
670642,2013-01-12,15:42:29,53.391647,-6.258124,43073
671034,2013-01-12,15:42:49,53.391335,-6.25653,43073
671460,2013-01-12,15:43:07,53.391071,-6.253938,43073
671961,2013-01-12,15:43:30,53.391087,-6.251677,43073
672423,2013-01-12,15:43:48,53.39109,-6.251068,43073
672727,2013-01-12,15:44:11,53.39109,-6.251068,43073
673330,2013-01-12,15:44:27,53.389839,-6.249219,43073
673769,2013-01-12,15:44:48,53.389637,-6.249186,43073
674170,2013-01-12,15:45:08,53.389713,-6.247364,43073
674696,2013-01-12,15:45:29,53.389755,-6.246698,43073
675128,2013-01-12,15:45:51,53.389767,-6.24652,43073
675491,2013-01-12,15:46:07,53.389191,-6.246041,43073
676045,2013-01-12,15:46:28,53.38866,-6.245784,43073
676593,2013-01-12,15:46:50,53.387543,-6.243224,43073
676948,2013-01-12,15:47:11,53.387486,-6.242318,43073
677434,2013-01-12,15:47:29,53.385296,-6.243121,43073
677820,2013-01-12,15:47:50,53.38419,-6.243512,43073
678083,2013-01-12,15:48:08,53.384007,-6.243611,43073
678931,2013-01-12,15:48:34,53.384007,-6.243611,43073
679173,2013-01-12,15:48:50,53.383427,-6.243936,43073
679623,2013-01-12,15:49:09,53.383232,-6.244043,43073
680138,2013-01-12,15:49:31,53.383232,-6.244043,43073
680565,2013-01-12,15:49:48,53.383232,-6.244043,43073
680896,2013-01-12,15:50:12,53.383232,-6.244043,43073
681494,2013-01-12,15:50:29,53.382259,-6.244605,43073
681840,2013-01-12,15:50:49,53.381519,-6.245068,43073
682429,2013-01-12,15:51:12,53.380856,-6.245492,43073
682816,2013-01-12,15:51:28,53.379383,-6.246737,43073
683368,2013-01-12,15:51:51,53.377964,-6.247863,43073
683777,2013-01-12,15:52:09,53.377907,-6.247913,43073
684247,2013-01-12,15:52:28,53.377327,-6.248437,43073
684723,2013-01-12,15:52:50,53.376873,-6.24908,43073
685186,2013-01-12,15:53:13,53.376873,-6.24908,43073
685573,2013-01-12,15:53:29,53.376873,-6.24908,43073
686088,2013-01-12,15:53:51,53.376598,-6.249444,43073
686454,2013-01-12,15:54:08,53.375168,-6.250907,43073
687015,2013-01-12,15:54:28,53.373322,-6.252095,43073
687441,2013-01-12,15:54:48,53.37233,-6.252723,43073
687917,2013-01-12,15:55:09,53.370712,-6.253781,43073
688332,2013-01-12,15:55:27,53.369949,-6.254246,43073
688789,2013-01-12,15:55:48,53.369591,-6.254469,43073
689249,2013-01-12,15:56:10,53.368198,-6.255235,43073
689749,2013-01-12,15:56:28,53.368073,-6.255283,43073
690227,2013-01-12,15:56:51,53.367939,-6.255334,43073
690624,2013-01-12,15:57:09,53.367157,-6.255481,43073
691122,2013-01-12,15:57:30,53.366451,-6.255651,43073
691570,2013-01-12,15:57:48,53.36451,-6.256946,43073
692077,2013-01-12,15:58:10,53.3638,-6.257553,43073
692567,2013-01-12,15:58:29,53.363644,-6.257695,43073
693000,2013-01-12,15:58:49,53.362495,-6.258764,43073
693406,2013-01-12,15:59:08,53.361774,-6.259418,43073
694005,2013-01-12,15:59:30,53.360348,-6.260708,43073
694400,2013-01-12,15:59:50,53.360191,-6.260859,43073
694930,2013-01-12,16:00:13,53.360065,-6.26098,43073
695404,2013-01-12,16:00:29,53.358902,-6.262091,43073
695795,2013-01-12,16:00:49,53.358315,-6.262797,43073
695856,2013-01-12,16:00:51,53.358315,-6.262797,43073
696198,2013-01-12,16:01:08,53.358089,-6.263092,43073
696798,2013-01-12,16:01:28,53.357906,-6.263323,43073
697224,2013-01-12,16:01:49,53.357906,-6.263323,43073
697633,2013-01-12,16:02:09,53.35754,-6.263772,43073
698168,2013-01-12,16:02:29,53.356873,-6.264449,43073
698540,2013-01-12,16:02:47,53.353443,-6.267771,43073
699024,2013-01-12,16:03:08,53.35252,-6.266056,43073
699537,2013-01-12,16:03:30,53.35252,-6.266056,43073
699976,2013-01-12,16:03:49,53.352245,-6.265419,43073
700318,2013-01-12,16:04:07,53.353924,-6.262862,43073
700920,2013-01-12,16:04:30,53.353168,-6.26192,43073
701348,2013-01-12,16:04:48,53.35207,-6.261055,43073
701844,2013-01-12,16:05:09,53.351246,-6.260699,43073
702273,2013-01-12,16:05:29,53.350071,-6.260181,43073
702826,2013-01-12,16:05:50,53.349308,-6.25984,43073
703172,2013-01-12,16:06:08,53.348591,-6.259525,43073
703719,2013-01-12,16:06:28,53.348591,-6.259525,43073
704165,2013-01-12,16:06:49,53.348591,-6.259525,43073
704639,2013-01-12,16:07:11,53.348591,-6.259525,43073
704938,2013-01-12,16:07:27,53.348591,-6.259525,43073
705637,2013-01-12,16:07:50,53.348591,-6.259525,43073
706018,2013-01-12,16:08:08,53.348591,-6.259525,43073
706521,2013-01-12,16:08:29,53.348591,-6.259525,43073
706938,2013-01-12,16:08:47,53.348591,-6.259525,43073
707380,2013-01-12,16:09:07,53.347889,-6.259247,43073
707961,2013-01-12,16:09:30,53.347889,-6.259247,43073
708376,2013-01-12,16:09:48,53.347889,-6.259247,43073
708770,2013-01-12,16:10:09,53.346951,-6.258719,43073
709244,2013-01-12,16:10:27,53.345917,-6.257117,43073
709694,2013-01-12,16:10:47,53.34597,-6.25614,43073
710124,2013-01-12,16:11:08,53.34597,-6.25614,43073
710671,2013-01-12,16:11:28,53.345963,-6.25599,43073
711169,2013-01-12,16:11:49,53.345963,-6.25599,43073
711603,2013-01-12,16:12:09,53.345913,-6.254986,43073
712052,2013-01-12,16:12:27,53.345814,-6.253067,43073
712481,2013-01-12,16:12:48,53.345791,-6.252588,43073
712971,2013-01-12,16:13:08,53.345665,-6.25013,43073
713400,2013-01-12,16:13:27,53.345562,-6.249774,43073
713862,2013-01-12,16:13:47,53.345287,-6.248001,43073
714296,2013-01-12,16:14:07,53.343937,-6.246634,43073
714771,2013-01-12,16:14:28,53.343452,-6.245928,43073
715267,2013-01-12,16:14:48,53.343307,-6.245241,43073
715670,2013-01-12,16:15:09,53.342937,-6.242717,43073
716156,2013-01-12,16:15:27,53.342896,-6.242437,43073
716538,2013-01-12,16:15:48,53.342842,-6.241962,43073
717109,2013-01-12,16:16:08,53.342834,-6.241903,43073
717520,2013-01-12,16:16:27,53.342834,-6.241903,43073
717978,2013-01-12,16:16:47,53.342777,-6.241427,43073
718427,2013-01-12,16:17:08,53.342545,-6.239623,43073
718927,2013-01-12,16:17:28,53.342442,-6.238823,43073
719339,2013-01-12,16:17:49,53.342175,-6.236454,43073
719713,2013-01-12,16:18:07,53.342175,-6.236454,43073
720271,2013-01-12,16:18:28,53.341717,-6.233049,43073
720686,2013-01-12,16:18:48,53.341717,-6.233049,43073
721128,2013-01-12,16:19:08,53.341602,-6.23217,43073
721734,2013-01-12,16:19:29,53.341583,-6.232005,43073
722118,2013-01-12,16:19:49,53.341644,-6.229209,43073
722595,2013-01-12,16:20:10,53.34182,-6.226732,43073
723036,2013-01-12,16:20:28,53.34182,-6.226732,43073
723516,2013-01-12,16:20:48,53.340347,-6.224322,43073
723958,2013-01-12,16:21:09,53.3391,-6.223217,43073
724500,2013-01-12,16:21:29,53.338966,-6.223184,43073
724921,2013-01-12,16:21:50,53.338131,-6.222641,43073
725264,2013-01-12,16:22:08,53.337532,-6.222435,43073
725800,2013-01-12,16:22:28,53.336689,-6.22226,43073
726281,2013-01-12,16:22:49,53.335876,-6.220994,43073
726712,2013-01-12,16:23:09,53.335602,-6.220072,43073
727143,2013-01-12,16:23:28,53.334515,-6.218404,43073
727593,2013-01-12,16:23:48,53.333611,-6.217103,43073
728016,2013-01-12,16:24:08,53.333111,-6.216416,43073
728529,2013-01-12,16:24:27,53.332882,-6.216124,43073
728977,2013-01-12,16:24:47,53.33255,-6.215693,43073
729409,2013-01-12,16:25:07,53.332359,-6.215564,43073
729935,2013-01-12,16:25:28,53.33292,-6.214969,43073
730390,2013-01-12,16:25:48,53.333805,-6.21432,43073
730825,2013-01-12,16:26:09,53.333416,-6.214246,43073
731357,2013-01-12,16:26:30,53.333355,-6.214072,43073
731830,2013-01-12,16:26:50,53.333782,-6.212437,43073
732265,2013-01-12,16:27:11,53.332367,-6.210608,43073
732674,2013-01-12,16:27:27,53.330097,-6.209047,43073
733117,2013-01-12,16:27:47,53.328739,-6.208854,43073
733562,2013-01-12,16:28:08,53.328495,-6.208817,43073
734064,2013-01-12,16:28:29,53.326393,-6.207917,43073
734485,2013-01-12,16:28:47,53.325123,-6.207235,43073
734971,2013-01-12,16:29:08,53.324951,-6.208069,43073
735838,2013-01-12,16:29:47,53.324951,-6.208069,43073
736631,2013-01-12,16:30:24,53.323982,-6.212033,43073
736797,2013-01-12,16:30:28,53.324184,-6.212234,43073
737246,2013-01-12,16:30:49,53.3242,-6.212234,43073
737623,2013-01-12,16:31:07,53.3242,-6.212217,43073
738072,2013-01-12,16:31:26,53.3242,-6.212217,43073
738146,2013-01-12,16:31:28,53.3242,-6.212217,43073
738564,2013-01-12,16:31:48,53.324184,-6.2122,43073
739020,2013-01-12,16:32:09,53.3242,-6.2122,43073
739430,2013-01-12,16:32:25,53.3242,-6.2122,43073
739495,2013-01-12,16:32:27,53.324215,-6.2122,43073
739955,2013-01-12,16:32:47,53.3242,-6.212234,43073
740382,2013-01-12,16:33:08,53.3242,-6.212234,43073
740721,2013-01-12,16:33:24,53.3242,-6.212234,43073
740896,2013-01-12,16:33:28,53.324184,-6.212234,43073
741279,2013-01-12,16:33:47,53.324165,-6.21225,43073
741758,2013-01-12,16:34:07,53.324184,-6.21225,43073
742147,2013-01-12,16:34:26,53.324184,-6.21225,43073
742238,2013-01-12,16:34:28,53.324184,-6.212266,43073
742675,2013-01-12,16:34:48,53.3242,-6.212266,43073
743159,2013-01-12,16:35:09,53.3242,-6.212234,43073
743504,2013-01-12,16:35:25,53.3242,-6.212234,43073
744034,2013-01-12,16:35:50,53.324165,-6.212266,43073
744465,2013-01-12,16:36:08,53.324165,-6.212266,43073
744994,2013-01-12,16:36:28,53.324165,-6.212266,43073
745462,2013-01-12,16:36:49,53.324165,-6.212266,43073
745898,2013-01-12,16:37:09,53.324165,-6.212266,43073
746390,2013-01-12,16:37:30,53.324165,-6.212266,43073
746833,2013-01-12,16:37:48,53.324165,-6.212266,43073
747277,2013-01-12,16:38:09,53.324165,-6.212266,43073
747732,2013-01-12,16:38:29,53.324165,-6.212266,43073
748240,2013-01-12,16:38:49,53.324165,-6.212266,43073
748675,2013-01-12,16:39:10,53.324165,-6.212266,43073
749113,2013-01-12,16:39:27,53.324165,-6.212266,43073
749572,2013-01-12,16:39:48,53.324165,-6.212266,43073
750012,2013-01-12,16:40:09,53.324165,-6.212266,43073
750500,2013-01-12,16:40:29,53.324345,-6.212179,43073
750904,2013-01-12,16:40:48,53.324284,-6.212326,43073
751325,2013-01-12,16:41:08,53.324875,-6.208464,43073
751820,2013-01-12,16:41:28,53.325451,-6.207248,43073
752252,2013-01-12,16:41:46,53.327423,-6.2085,43073
752650,2013-01-12,16:42:07,53.329208,-6.208927,43073
753190,2013-01-12,16:42:27,53.33128,-6.209809,43073
753654,2013-01-12,16:42:48,53.332485,-6.210673,43073
754104,2013-01-12,16:43:08,53.33247,-6.211105,43073
754558,2013-01-12,16:43:27,53.331886,-6.212176,43073
755440,2013-01-12,16:44:07,53.33213,-6.21495,43073
755949,2013-01-12,16:44:28,53.332222,-6.215211,43073
756423,2013-01-12,16:44:48,53.332222,-6.215211,43073
756816,2013-01-12,16:45:08,53.332222,-6.215211,43073
757355,2013-01-12,16:45:28,53.332333,-6.215539,43073
757728,2013-01-12,16:45:49,53.333179,-6.216504,43073
758230,2013-01-12,16:46:09,53.333771,-6.217335,43073
758687,2013-01-12,16:46:28,53.334549,-6.218457,43073
759114,2013-01-12,16:46:48,53.335316,-6.219572,43073
759554,2013-01-12,16:47:09,53.33564,-6.220163,43073
760120,2013-01-12,16:47:29,53.336246,-6.222153,43073
760554,2013-01-12,16:47:50,53.33688,-6.222294,43073
760992,2013-01-12,16:48:10,53.3372,-6.22235,43073
761457,2013-01-12,16:48:28,53.337788,-6.222501,43073
761911,2013-01-12,16:48:49,53.338631,-6.223027,43073
762836,2013-01-12,16:49:29,53.340126,-6.223919,43073
763343,2013-01-12,16:49:50,53.340504,-6.224634,43073
763660,2013-01-12,16:50:06,53.341747,-6.226532,43073
764162,2013-01-12,16:50:27,53.341789,-6.227433,43073
764616,2013-01-12,16:50:48,53.341785,-6.227462,43073
765083,2013-01-12,16:51:08,53.341602,-6.229713,43073
765536,2013-01-12,16:51:27,53.341511,-6.231326,43073
765957,2013-01-12,16:51:47,53.341778,-6.233505,43073
766369,2013-01-12,16:52:07,53.341778,-6.233505,43073
767376,2013-01-12,16:52:48,53.342033,-6.235413,43073
767811,2013-01-12,16:53:09,53.342033,-6.235413,43073
768227,2013-01-12,16:53:27,53.342033,-6.235413,43073
768650,2013-01-12,16:53:48,53.342033,-6.235413,43073
769128,2013-01-12,16:54:08,53.342033,-6.235413,43073
769578,2013-01-12,16:54:27,53.342033,-6.235413,43073
770019,2013-01-12,16:54:47,53.342033,-6.235413,43073
770462,2013-01-12,16:55:08,53.342033,-6.235413,43073
770941,2013-01-12,16:55:26,53.342033,-6.235413,43073
771299,2013-01-12,16:55:47,53.342335,-6.237705,43073
771888,2013-01-12,16:56:09,53.342396,-6.238441,43073
772337,2013-01-12,16:56:28,53.342556,-6.239701,43073
772753,2013-01-12,16:56:48,53.342556,-6.239701,43073
773134,2013-01-12,16:57:06,53.342842,-6.241971,43073
773652,2013-01-12,16:57:27,53.34309,-6.243915,43073
774050,2013-01-12,16:57:47,53.34309,-6.243915,43073
774571,2013-01-12,16:58:08,53.343319,-6.245288,43073
774934,2013-01-12,16:58:28,53.343365,-6.245518,43073
775425,2013-01-12,16:58:47,53.343365,-6.245518,43073
776401,2013-01-12,16:59:28,53.343967,-6.248477,43073
776857,2013-01-12,16:59:48,53.344345,-6.250405,43073
777260,2013-01-12,17:00:09,53.345142,-6.254324,43073
777796,2013-01-12,17:00:29,53.345356,-6.255486,43073
778231,2013-01-12,17:00:48,53.345547,-6.256451,43073
778666,2013-01-12,17:01:08,53.345642,-6.25741,43073
779182,2013-01-12,17:01:29,53.345604,-6.259113,43073
779638,2013-01-12,17:01:49,53.34584,-6.259269,43073
779983,2013-01-12,17:02:08,53.34584,-6.259269,43073
780532,2013-01-12,17:02:28,53.34584,-6.259269,43073
781010,2013-01-12,17:02:49,53.34584,-6.259269,43073
781429,2013-01-12,17:03:09,53.346493,-6.259089,43073
781887,2013-01-12,17:03:29,53.346493,-6.259089,43073
782208,2013-01-12,17:03:50,53.347214,-6.259182,43073
782826,2013-01-12,17:04:09,53.347855,-6.259536,43073
783265,2013-01-12,17:04:27,53.349174,-6.260108,43073
783714,2013-01-12,17:04:47,53.34967,-6.260332,43073
784011,2013-01-12,17:05:10,53.350876,-6.260914,43073
784629,2013-01-12,17:05:27,53.351345,-6.261118,43073
785050,2013-01-12,17:05:47,53.351345,-6.261118,43073
785522,2013-01-12,17:06:08,53.351345,-6.261118,43073
786022,2013-01-12,17:06:29,53.351479,-6.261176,43073
786434,2013-01-12,17:06:47,53.352345,-6.261608,43073
786866,2013-01-12,17:07:08,53.352444,-6.261674,43073
787415,2013-01-12,17:07:28,53.352348,-6.262014,43073
787804,2013-01-12,17:07:47,53.351887,-6.263097,43073
788244,2013-01-12,17:08:07,53.353046,-6.264818,43073
788774,2013-01-12,17:08:28,53.353436,-6.265345,43073
789208,2013-01-12,17:08:48,53.354103,-6.266606,43073
789658,2013-01-12,17:09:09,53.354122,-6.266657,43073
790154,2013-01-12,17:09:27,53.354122,-6.266657,43073
790592,2013-01-12,17:09:48,53.354122,-6.266657,43073
791041,2013-01-12,17:10:08,53.354935,-6.266221,43073
791515,2013-01-12,17:10:27,53.35648,-6.264836,43073
792389,2013-01-12,17:11:08,53.357056,-6.264266,43073
792939,2013-01-12,17:11:28,53.357056,-6.264266,43073
793430,2013-01-12,17:11:48,53.357056,-6.264266,43073
793827,2013-01-12,17:12:07,53.358131,-6.263035,43073
794299,2013-01-12,17:12:27,53.360031,-6.261012,43073
794750,2013-01-12,17:12:47,53.361977,-6.259237,43073
795223,2013-01-12,17:13:08,53.362656,-6.258616,43073
795730,2013-01-12,17:13:28,53.362984,-6.258309,43073
796181,2013-01-12,17:13:49,53.363102,-6.258195,43073
796563,2013-01-12,17:14:07,53.363213,-6.258088,43073
797087,2013-01-12,17:14:28,53.36322,-6.25808,43073
797544,2013-01-12,17:14:48,53.364674,-6.256817,43073
797997,2013-01-12,17:15:09,53.366623,-6.25558,43073
798314,2013-01-12,17:15:28,53.367138,-6.255483,43073
798945,2013-01-12,17:15:54,53.36726,-6.255473,43073
799381,2013-01-12,17:16:09,53.36726,-6.255473,43073
799868,2013-01-12,17:16:29,53.367794,-6.25539,43073
800270,2013-01-12,17:16:47,53.369221,-6.254699,43073
800712,2013-01-12,17:17:10,53.370235,-6.254071,43073
801232,2013-01-12,17:17:28,53.370926,-6.253644,43073
801668,2013-01-12,17:17:46,53.370956,-6.253621,43073
802109,2013-01-12,17:18:07,53.370956,-6.253621,43073
802638,2013-01-12,17:18:28,53.371075,-6.253543,43073
803077,2013-01-12,17:18:48,53.37167,-6.253171,43073
803545,2013-01-12,17:19:07,53.372173,-6.252828,43073
804009,2013-01-12,17:19:27,53.372223,-6.252794,43073
804461,2013-01-12,17:19:47,53.372467,-6.252631,43073
804926,2013-01-12,17:20:08,53.373631,-6.251918,43073
805422,2013-01-12,17:20:28,53.37394,-6.251748,43073
805842,2013-01-12,17:20:47,53.375439,-6.250676,43073
806294,2013-01-12,17:21:07,53.375511,-6.250615,43073
806830,2013-01-12,17:21:28,53.375511,-6.250615,43073
807296,2013-01-12,17:21:48,53.376022,-6.250129,43073
807706,2013-01-12,17:22:07,53.377403,-6.248491,43073
808238,2013-01-12,17:22:27,53.379467,-6.246665,43073
808687,2013-01-12,17:22:48,53.381268,-6.245231,43073
809152,2013-01-12,17:23:08,53.38221,-6.244632,43073
809584,2013-01-12,17:23:27,53.38221,-6.244632,43073
810016,2013-01-12,17:23:47,53.38221,-6.244632,43073
810467,2013-01-12,17:24:07,53.382351,-6.244552,43073
811042,2013-01-12,17:24:28,53.384293,-6.243469,43073
811504,2013-01-12,17:24:48,53.386875,-6.243407,43073
811869,2013-01-12,17:25:07,53.387321,-6.243817,43073
812355,2013-01-12,17:25:27,53.387997,-6.244926,43073
812769,2013-01-12,17:25:46,53.389416,-6.246128,43073
813185,2013-01-12,17:26:06,53.38966,-6.248214,43073
813689,2013-01-12,17:26:27,53.389946,-6.249237,43073
814129,2013-01-12,17:26:47,53.391064,-6.250621,43073
814615,2013-01-12,17:27:08,53.391075,-6.253441,43073
815062,2013-01-12,17:27:28,53.390812,-6.254257,43073
815497,2013-01-12,17:27:47,53.390617,-6.254303,43073
815940,2013-01-12,17:28:07,53.390564,-6.256327,43073
816453,2013-01-12,17:28:28,53.390957,-6.259468,43073
816889,2013-01-12,17:28:48,53.391144,-6.261591,43073
817922,2013-01-12,17:29:30,53.391144,-6.261591,43073
818681,2013-01-12,17:30:07,53.391144,-6.261591,43073
819141,2013-01-12,17:30:26,53.391182,-6.262017,43073
819197,2013-01-12,17:30:28,53.391201,-6.262017,43073
819663,2013-01-12,17:30:48,53.391201,-6.262017,43073
820078,2013-01-12,17:31:09,53.391182,-6.262033,43073
820518,2013-01-12,17:31:27,53.391182,-6.262,43073
820996,2013-01-12,17:31:47,53.391201,-6.262017,43073
821417,2013-01-12,17:32:08,53.391201,-6.262017,43073
821707,2013-01-12,17:32:26,53.391201,-6.262017,43073
821935,2013-01-12,17:32:28,53.391201,-6.262033,43073
822295,2013-01-12,17:32:47,53.391201,-6.262017,43073
822794,2013-01-12,17:33:07,53.391201,-6.262017,43073
823243,2013-01-12,17:33:27,53.391182,-6.262033,43073
823733,2013-01-12,17:33:48,53.391167,-6.262033,43073
824164,2013-01-12,17:34:09,53.391167,-6.262017,43073
824468,2013-01-12,17:34:27,53.391182,-6.262,43073
825039,2013-01-12,17:34:47,53.391182,-6.262,43073
825444,2013-01-12,17:35:08,53.391182,-6.262,43073
826014,2013-01-12,17:35:28,53.391182,-6.262,43073
826476,2013-01-12,17:35:49,53.391182,-6.262,43073
826799,2013-01-12,17:36:07,53.391182,-6.262,43073
827417,2013-01-12,17:36:27,53.391182,-6.262,43073
827863,2013-01-12,17:36:48,53.391182,-6.262,43073
828292,2013-01-12,17:37:08,53.391182,-6.262,43073
828737,2013-01-12,17:37:26,53.391182,-6.262,43073
829124,2013-01-12,17:37:47,53.391182,-6.262,43073
829607,2013-01-12,17:38:07,53.391182,-6.262,43073
830102,2013-01-12,17:38:28,53.391182,-6.262,43073
830613,2013-01-12,17:38:48,53.391182,-6.262,43073
831007,2013-01-12,17:39:07,53.391182,-6.262,43073
831482,2013-01-12,17:39:27,53.391182,-6.262,43073
831946,2013-01-12,17:39:48,53.391182,-6.262,43073
832664,2013-01-12,17:40:28,53.391182,-6.262,43073
833365,2013-01-12,17:40:49,53.391182,-6.262,43073
833792,2013-01-12,17:41:11,53.391182,-6.262,43073
834168,2013-01-12,17:41:29,53.391182,-6.262,43073
834647,2013-01-12,17:41:47,53.391186,-6.262341,43073
835101,2013-01-12,17:42:08,53.391842,-6.26039,43073
835481,2013-01-12,17:42:26,53.39167,-6.258308,43073
836007,2013-01-12,17:42:47,53.391201,-6.25589,43073
836433,2013-01-12,17:43:07,53.391079,-6.253347,43073
836880,2013-01-12,17:43:28,53.391087,-6.251322,43073
837411,2013-01-12,17:43:48,53.391087,-6.25129,43073
837848,2013-01-12,17:44:08,53.39043,-6.24931,43073
838234,2013-01-12,17:44:27,53.389603,-6.249139,43073
838731,2013-01-12,17:44:47,53.389744,-6.246861,43073
839175,2013-01-12,17:45:08,53.388828,-6.245888,43073
839579,2013-01-12,17:45:26,53.388512,-6.24569,43073
840094,2013-01-12,17:45:46,53.388294,-6.245386,43073
840443,2013-01-12,17:46:07,53.387901,-6.24478,43073
840951,2013-01-12,17:46:27,53.387901,-6.24478,43073
841447,2013-01-12,17:46:48,53.38789,-6.24476,43073
841902,2013-01-12,17:47:08,53.387512,-6.242748,43073
842327,2013-01-12,17:47:28,53.386757,-6.242349,43073
842814,2013-01-12,17:47:48,53.385063,-6.243192,43073
843837,2013-01-12,17:48:29,53.385052,-6.243195,43073
844177,2013-01-12,17:48:48,53.384926,-6.243233,43073
844611,2013-01-12,17:49:08,53.384438,-6.243408,43073
845103,2013-01-12,17:49:29,53.384296,-6.243468,43073
845513,2013-01-12,17:49:47,53.384102,-6.243558,43073
845963,2013-01-12,17:50:07,53.384102,-6.243558,43073
846424,2013-01-12,17:50:28,53.384102,-6.243558,43073
846931,2013-01-12,17:50:48,53.383511,-6.243888,43073
847366,2013-01-12,17:51:07,53.383301,-6.244006,43073
847773,2013-01-12,17:51:27,53.38324,-6.244039,43073
848313,2013-01-12,17:51:48,53.38324,-6.244039,43073
848813,2013-01-12,17:52:08,53.38324,-6.244039,43073
849162,2013-01-12,17:52:27,53.382568,-6.244423,43073
849693,2013-01-12,17:52:47,53.381519,-6.245068,43073
850127,2013-01-12,17:53:08,53.380562,-6.245733,43073
850656,2013-01-12,17:53:28,53.378857,-6.247058,43073
851031,2013-01-12,17:53:47,53.378113,-6.247726,43073
851541,2013-01-12,17:54:08,53.378105,-6.247734,43073
851910,2013-01-12,17:54:27,53.377686,-6.248114,43073
852415,2013-01-12,17:54:47,53.377209,-6.248545,43073
852887,2013-01-12,17:55:07,53.377209,-6.248545,43073
853273,2013-01-12,17:55:28,53.377209,-6.248545,43073
853854,2013-01-12,17:55:48,53.376823,-6.249131,43073
854282,2013-01-12,17:56:09,53.375996,-6.250157,43073
854858,2013-01-12,17:56:29,53.374123,-6.251645,43073
855201,2013-01-12,17:56:48,53.371994,-6.252947,43073
855672,2013-01-12,17:57:08,53.37022,-6.254081,43073
856200,2013-01-12,17:57:29,53.369339,-6.254625,43073
856639,2013-01-12,17:57:49,53.369247,-6.254685,43073
856977,2013-01-12,17:58:08,53.368038,-6.255297,43073
857411,2013-01-12,17:58:26,53.367157,-6.255481,43073
857915,2013-01-12,17:58:47,53.366932,-6.255499,43073
858369,2013-01-12,17:59:07,53.364925,-6.256623,43073
858805,2013-01-12,17:59:28,53.364204,-6.257188,43073
859291,2013-01-12,17:59:48,53.363998,-6.257374,43073
859735,2013-01-12,18:00:06,53.3624,-6.25885,43073
860171,2013-01-12,18:00:27,53.361225,-6.25986,43073
860713,2013-01-12,18:00:47,53.361217,-6.259867,43073
861136,2013-01-12,18:01:08,53.360065,-6.26098,43073
861593,2013-01-12,18:01:27,53.358669,-6.262354,43073
862102,2013-01-12,18:01:47,53.358002,-6.263205,43073
862441,2013-01-12,18:02:08,53.357899,-6.263332,43073
862955,2013-01-12,18:02:28,53.357899,-6.263332,43073
863459,2013-01-12,18:02:49,53.357803,-6.263449,43073
863905,2013-01-12,18:03:07,53.356873,-6.264449,43073
864345,2013-01-12,18:03:27,53.355438,-6.265766,43073
864850,2013-01-12,18:03:48,53.352184,-6.267054,43073
865284,2013-01-12,18:04:08,53.352463,-6.265769,43073
865798,2013-01-12,18:04:29,53.352463,-6.265769,43073
866277,2013-01-12,18:04:49,53.352627,-6.264178,43073
866661,2013-01-12,18:05:08,53.353359,-6.26203,43073
867080,2013-01-12,18:05:28,53.353359,-6.26203,43073
867622,2013-01-12,18:05:52,53.353107,-6.261861,43073
868029,2013-01-12,18:06:08,53.353107,-6.261861,43073
868410,2013-01-12,18:06:26,53.352665,-6.26136,43073
868917,2013-01-12,18:06:47,53.352001,-6.261026,43073
869323,2013-01-12,18:07:07,53.351437,-6.260783,43073
869795,2013-01-12,18:07:28,53.350273,-6.260272,43073
870397,2013-01-12,18:07:57,53.350002,-6.260149,43073
870694,2013-01-12,18:08:07,53.348969,-6.259686,43073
871143,2013-01-12,18:08:28,53.348591,-6.259525,43073
871613,2013-01-12,18:08:46,53.348591,-6.259525,43073
872017,2013-01-12,18:09:06,53.348591,-6.259525,43073
872352,2013-01-12,18:09:27,53.348591,-6.259525,43073
872896,2013-01-12,18:09:47,53.348591,-6.259525,43073
873348,2013-01-12,18:10:08,53.348591,-6.259525,43073
873781,2013-01-12,18:10:28,53.348591,-6.259525,43073
874256,2013-01-12,18:10:46,53.348591,-6.259525,43073
874646,2013-01-12,18:11:07,53.348122,-6.259337,43073
875460,2013-01-12,18:11:48,53.34811,-6.259334,43073
875865,2013-01-12,18:12:08,53.346821,-6.258609,43073
876836,2013-01-12,18:12:49,53.34597,-6.25614,43073
877224,2013-01-12,18:13:08,53.34597,-6.25614,43073
877649,2013-01-12,18:13:28,53.345936,-6.255435,43073
878179,2013-01-12,18:13:48,53.345932,-6.255421,43073
878588,2013-01-12,18:14:09,53.345932,-6.255421,43073
879077,2013-01-12,18:14:29,53.345932,-6.255421,43073
879408,2013-01-12,18:14:48,53.34589,-6.254581,43073
879881,2013-01-12,18:15:08,53.345791,-6.252618,43073
880325,2013-01-12,18:15:29,53.345722,-6.251239,43073
880782,2013-01-12,18:15:47,53.345562,-6.249774,43073
881186,2013-01-12,18:16:08,53.345535,-6.249336,43073
881669,2013-01-12,18:16:28,53.345535,-6.249336,43073
882153,2013-01-12,18:16:49,53.345535,-6.249336,43073
882609,2013-01-12,18:17:09,53.344978,-6.247413,43073
883010,2013-01-12,18:17:28,53.343784,-6.246541,43073
883487,2013-01-12,18:17:48,53.343475,-6.246043,43073
883945,2013-01-12,18:18:08,53.342976,-6.243029,43073
884394,2013-01-12,18:18:29,53.342896,-6.242437,43073
884884,2013-01-12,18:18:49,53.342896,-6.242437,43073
885254,2013-01-12,18:19:07,53.342793,-6.241546,43073
885713,2013-01-12,18:19:28,53.342545,-6.239623,43073
886202,2013-01-12,18:19:48,53.342545,-6.239623,43073
886622,2013-01-12,18:20:09,53.342396,-6.238421,43073
887131,2013-01-12,18:20:29,53.342175,-6.23644,43073
887545,2013-01-12,18:20:50,53.342167,-6.236396,43073
887905,2013-01-12,18:21:08,53.342148,-6.236294,43073
888379,2013-01-12,18:21:29,53.341911,-6.234517,43073
888839,2013-01-12,18:21:47,53.341911,-6.234517,43073
889306,2013-01-12,18:22:10,53.341515,-6.231087,43073
889722,2013-01-12,18:22:28,53.341515,-6.231087,43073
890167,2013-01-12,18:22:47,53.34182,-6.226732,43073
890585,2013-01-12,18:23:07,53.34182,-6.226732,43073
891012,2013-01-12,18:23:28,53.340782,-6.225112,43073
891549,2013-01-12,18:23:48,53.339432,-6.223301,43073
891975,2013-01-12,18:24:09,53.339077,-6.22307,43073
892357,2013-01-12,18:24:27,53.339077,-6.22307,43073
892860,2013-01-12,18:24:47,53.338245,-6.222728,43073
893307,2013-01-12,18:25:08,53.337872,-6.222522,43073
893730,2013-01-12,18:25:28,53.337532,-6.222435,43073
894197,2013-01-12,18:25:49,53.336372,-6.222183,43073
894634,2013-01-12,18:26:09,53.335579,-6.220009,43073
895027,2013-01-12,18:26:27,53.335415,-6.219719,43073
895503,2013-01-12,18:26:48,53.334316,-6.218115,43073
895964,2013-01-12,18:27:08,53.333233,-6.216575,43073
896316,2013-01-12,18:27:29,53.333111,-6.216416,43073
896886,2013-01-12,18:27:49,53.332848,-6.216078,43073
897313,2013-01-12,18:28:10,53.332413,-6.215576,43073
897855,2013-01-12,18:28:30,53.333107,-6.214743,43073
898185,2013-01-12,18:28:49,53.333797,-6.21432,43073
898626,2013-01-12,18:29:09,53.333569,-6.213254,43073
899134,2013-01-12,18:29:30,53.332851,-6.210946,43073
899556,2013-01-12,18:29:50,53.330654,-6.209343,43073
899960,2013-01-12,18:30:10,53.328304,-6.208788,43073
900406,2013-01-12,18:30:29,53.325867,-6.207545,43073
900830,2013-01-12,18:30:47,53.325611,-6.207346,43073
901271,2013-01-12,18:31:08,53.325081,-6.207432,43073
901690,2013-01-12,18:31:28,53.324738,-6.209179,43073
902641,2013-01-12,18:32:09,53.324738,-6.209179,43073
903101,2013-01-12,18:32:29,53.324165,-6.212266,43073
903517,2013-01-12,18:32:48,53.324368,-6.21215,43073
903941,2013-01-12,18:33:08,53.324432,-6.21185,43073
904399,2013-01-12,18:33:29,53.324432,-6.21185,43073
904877,2013-01-12,18:33:47,53.324432,-6.211833,43073
905253,2013-01-12,18:34:08,53.324982,-6.207817,43073
906271,2013-01-12,18:34:49,53.327282,-6.208433,43073
906645,2013-01-12,18:35:07,53.325668,-6.207383,43073
907070,2013-01-12,18:35:28,53.332249,-6.21055,43073
907483,2013-01-12,18:35:48,53.333801,-6.21225,43073
908014,2013-01-12,18:36:08,53.335266,-6.214967,43073
908533,2013-01-12,18:36:29,53.336552,-6.217783,43073
908964,2013-01-12,18:36:49,53.337601,-6.220033,43073
909298,2013-01-12,18:37:07,53.337967,-6.220583,43073
909712,2013-01-12,18:37:28,53.337967,-6.220583,43073
910267,2013-01-12,18:37:49,53.338066,-6.220817,43073
910669,2013-01-12,18:38:09,53.337917,-6.221883,43073
911155,2013-01-12,18:38:30,53.337898,-6.222417,43073
911588,2013-01-12,18:38:50,53.339367,-6.223267,43073
911959,2013-01-12,18:39:08,53.341118,-6.22565,43073
912334,2013-01-12,18:39:27,53.341866,-6.22705,43073
912854,2013-01-12,18:39:47,53.341732,-6.2279,43073
913242,2013-01-12,18:40:07,53.341549,-6.2306,43073
913668,2013-01-12,18:40:28,53.341499,-6.230933,43073
914203,2013-01-12,18:40:48,53.341499,-6.230917,43073
914988,2013-01-12,18:41:27,53.342167,-6.234233,43073
915492,2013-01-12,18:41:48,53.342251,-6.233833,43073
915907,2013-01-12,18:42:08,53.342251,-6.233833,43073
916408,2013-01-12,18:42:29,53.342251,-6.233833,43073
917231,2013-01-12,18:43:08,53.342232,-6.233833,43073
918170,2013-01-12,18:43:48,53.342232,-6.233817,43073
